MATCH;A;THETA;D
1;0.75796115;0.43922123;1.4257816
1;0.62580413;24.304127;3.7959034
1;0.50950927;23.312250;2.7789936
1;0.83073658;50.941727;3.0835445
1;1.3192223;23.986486;2.4419386
0;12.678349;5.8620291;2.3547921
1;0.52106047;2.7182581;1.7428074
1;0.95345843;0.53232032;1.3308408
1;1.4856220;6.8115730;0.45212218
1;1.2252792;3.5772638;1.3118178
0;12.003000;0.083686687;1.4562535
1;0.24920635;0.84419125;1.7097815
1;0.47046015;0.97142822;1.1929132
1;8.3599491;5.4242673;4.4328971
1;2.9616451;0.78454345;0.94814414
1;11.204264;17.401773;8.9075279
0;4.5541902;1.0679362;15.507530
0;7.7704577;24.246666;13.525890
1;0.84013247;2.5992546;1.8820664
1;1.1485046;0.94424075;1.9269887
0;4.4427066;57.664715;2.1510158
1;3.9212563;10.425986;0.97137505
1;2.4181309;15.594707;1.2343627
0;15.604145;2.5868332;1.4297155
1;1.9880872;12.545762;1.2701172
1;1.7189592;2.9175749;1.5872612
1;0.73730952;8.1685963;1.6950523
1;0.61721003;3.8632138;1.1263530
1;1.6403245;13.101732;0.57085049
1;2.1028018;2.8494420;0.39639202
0;7.0551744;74.840691;0.70764107
0;5.9991322;4.0912070;1.2225541
1;1.5423094;2.2816899;4.8355861
1;1.0038930;8.3191299;3.1822417
1;2.4214265;9.0684948;0.96603239
1;2.3922732;6.8649683;1.2262239
1;0.92626393;1.3467722;2.1064188
1;0.64145601;2.2755096;1.2260783
1;1.1723204;0.027679026;3.0774422
1;8.8656349;7.7488866;5.4472294
1;1.1997733;5.0634818;2.8632638
0;9.5044661;40.022675;0.79366845
0;7.8237963;26.497808;3.0871542
1;2.1623774;11.620214;2.0085840
1;0.11256708;11.067790;0.75010788
1;0.62468094;3.3579936;1.2003623
1;0.75198525;5.5171399;0.51482546
1;1.3495338;9.3065577;1.3123890
1;4.6763406;11.617090;1.2068222
1;2.0369081;10.810464;1.2785499
1;0.27863395;9.8284540;1.4384392
0;11.076289;83.017509;1.2113554
1;0.38703567;15.418389;1.4856198
0;11.151575;87.776039;1.4111068
0;9.9232950;89.307320;1.0957440
0;3.7139010;17.181137;0.86685592
0;7.3576155;21.352207;6.1684375
0;6.3753405;48.382706;4.0078597
1;0.44198048;1.2179348;1.2897619
0;5.9863901;73.408340;3.8921690
0;5.9393387;16.770632;2.8676152
0;6.1964931;32.881611;0.74383032
0;6.2273355;58.590324;1.1246191
0;5.8380504;59.871838;1.5849121
0;7.3903584;51.060066;2.2528913
0;5.3987551;67.020195;0.90594846
1;0.90793037;1.3319814;0.77645159
0;17.867811;86.685883;1.7041843
1;2.3538587;4.0326238;0.77922350
0;5.3899074;7.4512177;9.6586380
0;7.8433366;0.34326580;6.3141727
1;0.55344284;4.4906726;1.2333933
1;0.058863141;2.7483175;0.27423069
1;0.79966611;4.7051754;0.42769659
0;7.0951376;10.628741;1.8227888
1;0.19525222;2.0509393;1.5006596
0;2.7075729;32.492889;3.0402739
0;4.7919784;28.872568;3.1596351
0;6.0818300;10.086571;3.1585333
0;7.0729709;13.861665;2.3910272
0;4.9216595;44.772926;3.2062364
1;0.17675899;0.82370180;0.44776553
1;1.6975588;16.450907;0.68527675
1;1.4915106;8.7294426;0.92678535
1;3.0899456;1.1728327;0.36473829
0;6.9029727;26.003529;0.33321774
1;0.64943707;6.2731962;6.1923976
1;2.3310723;18.611168;1.2037603
0;7.2717524;63.420483;0.49198818
1;0.39389950;0.49574566;0.62811351
1;2.4938834;5.5800362;1.0986288
0;5.8501730;27.687492;0.42574194
1;2.8902636;1.9380648;1.0162591
0;6.8541169;62.881332;0.60539514
0;5.7003756;71.575134;0.55379403
1;0.91326028;23.264797;0.52012724
0;11.933050;0.97939527;1.9171230
1;0.10763573;0.13081658;1.4433341
1;9.0902233;1.0453557;5.7519112
1;0.29800421;3.0013757;1.3942945
1;3.9883566;4.8989625;1.2048975
1;0.78049701;1.6693443;1.9303944
1;5.9883084;1.8699398;1.0054165
1;1.0648286;1.5244527;1.0199496
1;0.23453985;0.48411465;1.1620163
1;1.8388190;1.9103285;1.2921200
1;2.1668794;0.71046335;1.0643663
0;6.2196312;31.859488;2.2511358
0;5.9878058;70.878632;3.6659322
0;7.1302381;12.242647;1.4454679
1;2.4235108;4.6284094;0.69213247
0;6.1011891;13.330255;7.2953787
0;8.2593193;5.8812156;5.6095743
1;0.75745451;1.9568969;0.48491094
0;4.6950092;53.027706;1.2415349
1;1.5254650;16.292334;0.87268835
1;1.3536295;8.3334875;1.0956827
1;2.1323736;23.354778;1.5003853
1;1.0294110;9.3289690;1.5801780
1;2.1263764;2.4537952;1.2716337
0;5.4190707;26.880011;0.30414921
1;2.6994262;2.7421460;1.0366656
1;8.4023190;2.4541113;5.2160997
1;1.2835997;8.4759283;2.3288925
1;2.2160759;2.9978323;0.42070091
0;5.0196013;35.319588;0.86578286
0;10.478709;2.0906725;1.5455022
1;2.7258074;1.0997241;0.36580539
0;10.916501;74.729767;0.53017575
1;0.75087792;4.0312614;0.92055434
0;9.9381676;76.950714;13.910348
0;9.5071983;68.855499;11.439090
0;4.5630722;1.7518090;6.7591820
0;5.9969554;5.8786583;4.6672592
1;2.3715270;6.1383257;0.69391274
1;3.4668922;3.3765552;0.95218039
1;4.5337210;2.3408730;0.60393214
0;6.6287818;83.300575;0.84806299
1;1.6467900;13.040047;0.84278214
1;0.69084722;22.284611;0.86377180
1;1.5300437;24.007616;0.54154885
0;6.2436352;84.663116;1.1305004
0;7.0428247;2.2608070;2.3837955
0;4.1950426;36.587326;0.28902605
1;19.985029;3.9991243;2.4632685
0;12.559936;0.72260040;0.41290766
0;8.3954744;19.167953;0.86097854
1;3.3083906;2.5632126;2.1999149
1;3.5130386;0.80688190;2.6021490
0;15.533039;81.431068;14.269369
0;9.3374586;64.128838;11.621809
0;5.3687897;36.201145;0.57957399
0;3.8793590;56.317421;1.1460638
0;13.088739;5.0675793;1.3526082
0;4.8876553;26.587795;0.77167839
1;4.0318284;27.102228;4.9828854
1;1.4051607;11.586626;1.7671902
0;7.8233733;31.588715;3.6893754
1;0.71804792;4.0182614;0.98209447
0;11.163936;3.2925601;2.8078451
1;1.1693485;3.5147657;0.29640782
1;2.3605878;1.5825317;1.1710322
0;2.5839317;26.910103;0.97649854
0;4.6243024;23.291674;0.89207721
1;0.35375610;0.28746492;0.29706293
1;1.3478932;0.17006809;1.0441298
0;2.3335516;11.576077;1.8731141
1;0.36664647;7.0657988;0.24028610
1;0.44355732;2.4069586;0.71466774
0;9.6783724;65.933769;2.1348212
1;0.44270846;0.60314471;3.4837878
1;4.0297446;6.0585518;1.3108704
1;1.8404064;2.5380220;0.55285990
0;2.7151494;34.820900;1.0472702
0;3.3055170;29.675428;0.78924030
0;8.1783752;12.900472;2.5373282
0;6.2707634;5.9863420;1.8628503
1;1.3040702;7.8367562;0.38838881
0;2.4114966;47.338837;0.35232323
0;3.0819950;67.719208;1.3688847
0;6.0589008;88.833893;0.56866467
1;33.430157;15.320385;0.76600295
1;0.31294256;7.2681489;1.4900315
1;0.37849486;8.7927589;1.4813343
1;1.4181778;19.143412;1.2695150
0;10.603133;15.070465;1.0291265
0;8.1761665;25.792870;0.93375403
1;5.5152898;2.2766349;0.92711067
1;1.1592448;4.1197920;0.93241423
1;1.8330679;1.7181972;1.6195748
0;15.895850;8.6226540;2.5414100
0;2.0762973;20.524578;1.4042622
0;0.30337739;44.868420;0.94534129
1;1.5335289;23.930546;1.4183826
1;0.70076752;9.5013561;0.47949380
0;7.7553573;0.0077323709;0.60331160
1;4.0082831;31.780680;0.89753050
0;1.3405873;46.173748;1.1029181
0;7.0359244;17.368940;1.0938830
0;4.8198285;62.203094;1.0302263
0;9.9774208;1.6091634;0.24544500
0;6.4197054;82.069450;1.3213973
0;6.5314722;86.994324;1.1009239
0;4.5654879;54.528885;1.2027183
0;7.4902444;32.183739;0.69590425
0;8.0589905;83.110062;1.4950836
0;7.6790891;84.643639;1.6226680
0;7.1234870;73.720901;1.0537288
0;5.9585514;79.367638;0.84846306
1;0.60201705;5.7550764;1.8922187
1;0.58557445;1.3919452;1.0836165
0;5.8799887;75.753922;0.81186479
1;0.34252200;2.0446777;0.19255108
1;0.12904245;5.2774062;0.62026912
1;4.8481812;19.335823;6.1841979
1;3.9582024;18.345686;2.9131677
1;0.78220844;14.829162;0.61187518
1;2.8748994;3.9141746;1.2494518
0;6.4083400;27.214487;1.7109624
1;1.4539027;5.9918575;9.2761478
1;3.7160842;3.7404764;1.3193007
1;0.58549160;1.7097298;1.3408604
1;1.2391741;6.3621311;1.1878333
1;2.9375687;8.0633726;4.1169696
1;0.87529278;0.42644322;0.85704613
0;4.8724337;5.5378323;1.2504857
1;2.0243070;0.38556105;0.71610028
1;2.4096503;4.6641517;0.32782531
1;0.27375171;3.7491465;0.82811391
1;3.6140606;13.070560;2.1417279
1;0.71959770;1.0839863;0.49566668
1;0.55460262;6.2362223;0.63011497
1;1.0888931;0.54284668;0.68827730
0;15.325493;27.420174;0.66633081
0;16.657795;25.408781;0.72123492
0;20.819204;31.840647;0.65921479
1;1.7453401;22.877918;1.1487455
1;2.7181973;21.429480;0.65601897
1;3.0678499;6.2007685;0.88106495
0;7.1372328;29.243847;0.80320460
1;0.13319737;6.9286408;0.30047128
1;1.5129932;2.4810400;0.55885255
1;0.47226712;5.7873507;0.85884893
1;1.0129395;7.3240275;0.90620393
1;2.1783445;1.4265801;1.2153018
0;10.495370;6.3999095;1.1681526
1;1.1930562;8.4105196;1.1906651
0;7.5867701;23.029678;1.0298922
1;0.84655893;0.16274068;1.7238587
0;7.3076463;60.221077;0.95154619
1;0.39512116;6.2575355;0.49149352
1;1.3754544;1.6445090;1.0258219
1;1.8014119;0.21075404;0.97500283
0;11.610477;6.6822495;3.4300814
0;8.5773821;4.0404463;2.8766398
1;1.0176221;0.94051057;1.5354878
1;0.50789022;13.890512;2.6401482
1;1.3662622;4.2019320;0.69994211
0;11.122293;13.837106;0.69421601
1;1.8771292;11.199103;0.77171218
0;7.1034741;11.655334;0.94277340
1;1.1427646;1.7528602;3.0072751
0;18.280113;1.9978325;0.35929236
1;1.1341004;10.817804;1.1749128
1;1.2549318;3.5813110;0.70791000
1;0.91472548;2.3328645;0.60751927
1;0.92757368;5.6271439;1.1080681
1;1.2574522;10.764627;1.6177435
0;6.4234610;13.961913;1.0523608
1;0.62040448;12.903659;0.75423628
1;1.7809778;7.2328935;1.0655690
0;7.7673564;77.140976;0.96812528
1;0.23800811;0.59934002;0.53544790
1;1.3569435;0.024650935;0.43138137
0;12.255861;45.296661;3.1073308
1;1.0886517;8.7330217;0.69622409
0;12.075246;0.065746173;0.70040023
0;12.766967;49.895889;3.3979251
0;7.8320174;3.1781218;5.1047111
0;7.3059173;74.541550;9.1356707
0;11.532474;19.634829;4.6132870
1;1.1972984;2.5857847;1.6747636
0;12.653458;30.621840;1.2981408
1;2.4121387;2.1938996;0.65493655
1;6.4479823;5.8184376;1.6117035
1;0.84211785;7.1496067;1.0466578
1;0.35882229;4.7281442;0.89971244
1;4.4796386;11.280223;1.0544301
1;2.5081432;1.4836588;0.81947303
1;4.4156494;2.3769536;2.1962883
0;7.4551215;4.5144567;0.51861292
1;0.94550586;3.0894680;1.6046617
1;0.67239016;1.6694156;0.95675820
0;9.3992643;53.671310;0.92308462
1;2.0625534;7.8701634;1.6812545
1;2.0378301;0.050901007;1.3595740
1;4.4941630;0.22717400;1.9993767
1;0.77199674;4.4401069;0.97890842
1;4.0042329;11.719996;1.2560476
1;1.1695014;5.7638426;0.62015140
1;2.0158837;0.94543284;1.3584516
1;4.6035128;3.5996892;1.9841334
1;3.4566307;6.6364584;1.3206050
1;5.6949458;6.1863585;1.3461993
1;0.42773765;5.9093680;0.29016894
0;9.8948469;77.975716;0.98658466
1;1.6471454;0.42064041;0.84233195
1;1.3965387;0.50925487;1.1652800
0;8.9825268;43.607372;2.8115671
1;1.9355918;3.7597713;2.5539463
0;9.6679897;2.9968376;1.1315343
1;3.1460919;1.1614716;0.82386041
0;4.0957136;41.655701;1.4084038
1;2.3877063;4.7119784;1.5491198
1;3.5241539;11.897458;2.0540872
0;0.60417372;55.098465;1.8336850
0;19.564497;19.203644;2.6380785
0;8.3306713;18.949274;0.54174304
1;5.8937674;7.2789059;3.3995438
1;2.5904956;6.0057893;3.5013759
0;11.892965;37.100021;2.8592775
1;4.2207818;0.26987326;2.9462836
0;9.3085213;5.5558372;2.1121831
1;3.3031940;3.8131621;1.2967584
1;1.7898843;0.066527300;1.1936550
1;3.4332373;6.7243462;2.5432985
1;1.7285353;9.2682209;1.9319788
1;3.9803216;10.338748;1.7764688
1;2.4201994;16.717834;0.73120517
1;2.8527365;29.765598;2.9709027
1;1.4031481;5.0515842;0.97809732
1;1.6045432;7.7008076;0.38243160
1;6.0965972;12.960273;1.3190497
1;9.0690155;14.401291;1.1368210
1;4.1310887;1.3612033;1.4283508
1;6.9717073;17.559462;1.5597034
1;2.8429024;15.785374;1.2494671
1;1.7912719;2.3859308;1.4925770
0;1.9030604;30.248550;1.4265170
1;0.80415684;12.711515;3.7411494
1;1.1048827;18.649790;3.4650276
1;1.3552334;11.903886;2.7772048
1;1.0092945;1.0242735;2.5967729
0;11.545908;35.981651;3.4911189
1;0.86273783;8.6787939;0.64168501
0;8.1247272;71.425781;0.64202166
0;7.6252632;74.294350;0.57406735
0;3.8967810;82.299126;0.49630627
1;1.5346081;33.941200;0.76576638
1;1.1594352;1.0866623;1.9984825
1;2.6939752;1.3427098;3.4260364
0;1.8564177;29.412743;2.5647974
0;2.0496929;24.604780;6.3030505
0;5.8227944;77.886505;1.0053226
0;5.4720001;86.111336;1.3996323
0;6.9586658;39.264931;1.4818501
0;5.0612202;57.776260;1.0035001
0;8.6983652;25.710102;0.91672355
1;1.9399664;0.36009422;0.63180971
1;5.0622239;6.3267999;2.2035294
1;7.3378434;2.9442163;1.0996256
1;7.9539905;2.0155580;1.9774499
1;0.92815888;14.866374;0.82729524
1;3.1954350;13.455734;1.6539085
1;1.1961370;0.52661949;0.76000690
1;0.92778701;7.4144287;1.1012614
1;3.2443950;5.8252397;0.89596909
1;3.9938805;12.909502;1.0153280
0;17.562107;71.382355;3.4355175
0;18.609627;80.627029;2.9827013
0;12.038039;84.139801;1.2916113
0;13.517848;53.007572;1.9251982
1;5.6009378;34.627010;2.3934259
0;8.4417315;58.098385;2.6807156
1;1.9711390;5.7311420;2.2139754
0;12.110959;1.7297136;1.3553449
1;0.54533023;1.3704598;1.1855271
0;12.135295;2.1041701;0.78873301
1;0.50519413;10.928605;1.7187999
0;13.887735;49.836334;2.3834536
0;4.2254949;21.236492;1.1742872
1;2.1490908;2.1387160;1.3264339
1;4.2135625;2.1044912;0.57023424
1;2.4803586;2.5298979;3.2096989
1;4.6811490;0.81819326;2.5712724
0;10.676681;0.10209765;0.72939974
1;5.1977715;23.831650;0.25113174
1;1.8162996;11.594452;0.37136003
1;1.6492176;6.7304964;0.39253736
1;2.5454085;14.256909;0.32340127
1;6.2749572;4.6698837;0.47860616
1;8.3653564;17.366453;0.74500954
1;0.32683891;2.2659373;0.66401595
1;8.2197266;3.0295882;0.81922477
0;8.9830322;35.547108;0.65797132
1;0.67419726;0.0055707684;0.48940563
1;2.2644460;19.821430;0.70314425
0;9.5093498;55.137730;1.3250082
0;1.7662395;69.331558;6.1570144
0;6.6622324;79.185684;2.3605590
0;7.5620847;4.9930058;2.0800667
1;2.2030091;4.0572453;0.85668397
0;8.1593723;44.635223;1.5444121
0;4.2354851;76.159477;0.43959084
1;6.9569640;0.10057182;0.28433466
0;14.562045;2.3905516;0.28466994
0;9.8814259;61.378220;1.4168324
1;0.46724227;2.9724312;0.81395203
0;4.7286477;43.660957;0.87319684
1;3.0261965;2.2290812;2.4706645
0;6.3122873;44.017799;0.67103219
0;8.7784281;46.727543;1.1865563
0;9.6152143;54.700832;1.5852567
0;6.0607848;66.943634;1.6679243
1;0.21353546;6.1456404;1.1419331
1;2.1876254;4.9368138;0.92491984
1;2.8079917;13.491275;1.2924931
1;1.0458103;2.0608985;1.2420508
1;1.6543742;6.7578101;0.52793443
1;2.8700969;0.84110379;1.6284392
0;2.2644782;40.562710;5.4322438
1;2.5688322;4.2182474;2.0902996
1;6.6800160;21.602432;26.864607
0;19.494389;1.2777182;1.7627138
1;0.25604823;4.4606948;1.1778443
0;13.780309;0.62164193;1.3515803
1;1.8332160;10.349569;2.3233066
1;2.5893381;2.7471449;1.4944564
0;5.4844379;22.763273;0.94852537
1;0.97695619;1.0840174;1.5189784
1;2.8051009;7.1047225;0.66741562
0;9.6729717;50.299553;1.0605457
1;0.40236068;3.6646559;0.75157642
0;9.8977947;44.249313;1.6386563
1;6.4334016;14.974187;1.8702796
1;10.201275;7.1039343;1.9505326
0;9.4245272;46.223797;0.87642461
1;0.56798619;0.13462634;1.0217075
1;3.6574163;16.366360;1.1120831
0;10.735618;55.839497;2.4994967
1;0.52211249;0.18564823;2.5541077
1;1.4201014;0.76572764;1.7958841
1;0.51219541;19.822716;0.61771220
0;10.002813;14.839231;3.1343133
0;0.90920311;32.784302;1.3160716
0;22.154879;30.833744;1.6654359
1;0.80619127;0.042925611;2.5682731
0;17.407331;10.260656;1.1604748
1;3.3625586;4.6398368;3.2715170
0;2.9967213;20.854813;3.9264307
0;17.944403;8.6833153;3.6239691
0;3.7668393;61.854191;1.2295531
0;3.9869239;51.052643;0.24022844
1;1.6014370;4.4418778;1.7029709
1;2.6019123;5.5801134;1.2673843
0;5.3901200;9.2239618;3.2425873
0;6.2399187;35.499454;0.91449183
0;7.5677299;35.040878;0.62646538
1;2.9520187;29.638157;3.8280530
1;3.7559500;14.563665;4.1389632
1;6.3968773;26.633295;2.7571015
0;6.1984720;3.0533671;9.3025331
0;8.7593813;4.8401918;10.110968
0;7.9531393;0.073993020;1.1703054
0;10.048319;5.8947029;1.7758980
0;4.5962148;57.592884;0.75958687
1;1.4713304;2.7669058;0.68588954
0;7.8364282;44.984524;1.1690134
1;2.8461301;0.47478932;0.55280989
0;7.1346045;77.478325;0.91903692
1;0.53290975;10.657747;0.55174756
1;0.95347905;0.54654032;0.98124218
0;3.5739820;12.467690;1.5706908
0;5.1949520;4.0948324;1.9027318
0;4.3099985;20.866146;1.4065831
0;5.1073880;15.321256;1.8119040
0;4.7858038;41.156090;1.3561109
1;1.7532620;1.5439591;0.71947354
0;5.8636179;35.980160;1.1388898
1;2.3341742;16.636803;1.2536339
1;2.3017149;19.682896;1.3807267
1;0.90810764;2.7053142;0.49834433
1;5.4368634;14.362347;3.9953992
1;2.2463114;0.30500501;1.4495158
0;1.8142223;46.998116;5.3018107
1;1.5894035;2.9069483;1.1143613
1;2.5652714;20.319803;0.77232593
1;8.4478188;13.317906;0.59031552
0;6.0536509;5.1429520;0.56308913
1;1.2935373;6.6371822;0.16815023
0;9.6375971;40.196770;1.0832103
1;6.5028505;19.135712;1.4500333
0;10.287291;11.276200;1.4582416
1;1.5939885;4.7090688;0.83997685
1;0.32777527;11.146417;0.59957892
0;9.7394857;0.54192775;26.910353
1;3.3490877;17.767672;1.0525045
0;10.378622;58.505306;2.0714648
1;2.5900624;0.11322017;1.0499195
0;12.936740;21.743084;2.7531099
1;3.6171069;5.1348925;2.1607163
0;3.0760443;15.641428;2.4917250
0;13.149631;8.6704159;3.2956805
0;3.6489716;67.422768;1.3541409
0;4.2874303;44.363792;0.33086434
0;5.7941599;58.347515;0.60575414
0;4.2224860;21.821217;0.61923456
0;8.3491688;75.574722;0.77567279
0;6.1188555;34.933632;0.60478282
0;5.4428511;71.171852;0.98284823
0;7.9870710;83.389313;0.80398566
0;6.4337029;84.976089;0.83167911
1;2.7123396;11.471464;1.0257987
1;4.2941222;11.362056;1.3275374
0;3.8424087;18.521706;3.7509005
0;7.2954607;30.032814;1.1775028
0;8.7201548;57.987579;1.2514572
1;3.2626071;3.8543591;0.95529330
0;6.2129922;67.328735;7.7762218
1;5.1503205;1.6917390;1.6191632
1;4.8551254;9.6912346;2.0498652
1;1.1156648;1.3835118;0.75643915
1;3.2204916;0.90651768;0.34559083
1;3.3433285;8.1640863;0.79269439
0;8.2511158;83.693245;2.6357770
1;0.63625216;45.833015;1.8874642
0;6.8753262;87.141411;2.4032638
0;6.7941189;60.635487;2.0004656
1;1.3435128;19.097198;0.81479615
0;6.6142201;18.945211;1.0250375
0;7.8275008;44.165092;1.3067155
0;7.2860498;4.6122518;1.3245823
0;4.9205780;26.806070;1.0319531
0;8.2425842;0.37860680;0.37989378
0;7.8214450;48.799305;1.3990983
0;7.9221673;11.273191;3.1262350
1;1.5395279;5.1284766;0.55407119
0;7.5327158;75.152184;1.3198289
0;7.8005619;53.964565;1.1593257
1;0.78121090;3.0982525;0.54930919
1;0.51391149;4.9012084;0.40881154
1;2.7957950;12.835326;0.82616115
1;0.80971318;3.9050670;1.2498469
1;0.79398441;5.9338641;1.0867018
1;1.4990546;7.3390856;0.78528965
0;6.9811358;55.624847;0.56297964
0;6.8499169;2.5811892;0.50531894
0;8.6303244;5.2118640;0.73108792
0;8.0001593;1.4656907;1.8812401
0;13.792634;21.913618;1.3443704
1;2.0582390;14.407452;1.9087220
0;11.899551;9.0276585;1.0252839
1;0.18460548;1.5488061;2.3092389
0;1.7303927;52.284134;4.0352836
1;4.2053356;2.7495434;1.4248883
1;7.1963716;5.9384871;0.53378308
0;6.4861321;9.8583078;2.3198819
0;17.114481;38.195530;0.66269743
1;1.8962609;8.2682343;0.53996068
1;2.2066894;26.032495;0.73837656
1;1.0218154;15.585104;0.37483034
1;1.1335939;8.9393263;0.34214845
1;0.27390739;4.8805933;0.60498518
1;1.0314986;0.98910129;0.76042640
0;5.1100864;22.442490;1.1014329
0;12.701150;2.7459023;0.97831959
1;1.2073973;2.2436485;1.0236158
0;7.1963367;44.868698;1.2456386
0;11.771912;2.2984254;0.93507278
0;15.515114;26.137218;1.5344288
1;0.98906332;5.0630121;1.2167614
1;2.1237605;0.10072792;1.0847294
0;5.6035981;70.392784;1.6838206
0;3.5249982;33.379868;0.73374456
0;18.898460;9.2821007;1.6393180
1;2.2310989;3.6013741;1.2747130
0;9.3661718;46.783024;1.4880327
0;6.5528340;30.449057;1.1498086
0;1.9006038;24.863283;1.5836402
1;2.5263481;9.0405817;2.0435236
1;2.6971064;11.479874;1.6789802
1;5.0204754;27.932486;1.9082549
1;0.55772132;7.2890759;1.3114796
0;2.6731503;24.023619;1.3748171
1;2.1802087;3.9213834;1.8423392
0;10.425363;5.9841247;1.1023856
1;3.5184109;8.5771399;2.5694339
0;6.8308768;41.046391;1.4067070
0;0.90840602;26.584242;2.9843752
0;5.8633480;2.8163772;2.4008827
0;7.8877993;2.5334201;2.8984389
1;2.0240855;0.97188014;2.2918866
1;3.0408180;16.614817;0.90365803
0;6.8315234;88.539696;0.61655557
0;6.5239005;50.520920;2.0030398
1;2.3288081;17.511122;1.3353740
1;2.2000761;18.829748;1.2953674
0;15.281873;29.539774;0.42065915
1;1.7554921;19.565849;0.62004906
0;9.0961781;38.029697;0.79524869
0;9.0779848;25.734577;3.6938205
1;0.15950483;6.6689229;0.44946584
1;0.36155540;9.9342718;0.65774322
0;13.151833;0.14379372;0.86167634
1;0.54142380;11.116540;1.8995439
0;5.3661318;81.720978;1.7882780
0;4.3955221;11.782395;0.72750157
0;1.8155417;2.1273506;3.4538002
0;8.9194927;43.414272;1.6653947
0;8.3442841;35.675961;0.83002967
1;1.1922948;2.0290210;2.1943667
1;3.6588638;18.789660;2.6535039
0;12.450292;24.370651;0.70455819
0;7.4232273;20.862265;1.8725504
0;5.3442783;41.304981;0.82655638
1;4.4271655;24.375126;1.5384936
0;0.18306090;32.505611;2.1633489
0;4.0785270;79.151001;0.68105632
1;0.22434096;1.4501990;1.0744716
0;6.9617152;0.25357139;11.882658
1;0.31815693;3.1645994;0.71898806
0;5.1987042;80.457787;1.9685348
1;2.6119397;15.358395;1.0823238
0;5.7147727;33.384956;3.3217216
0;3.5792048;30.299677;3.6402984
0;7.0584917;21.147482;0.76203084
0;8.7386942;22.031988;1.2063019
0;5.1043653;62.512791;1.6413585
0;5.3253660;69.972755;1.7478483
0;9.0018272;80.926498;2.2904143
1;3.7736640;7.1043019;0.54323161
1;4.7368927;11.963876;1.3902130
0;5.2574334;12.447442;0.49252057
0;11.547526;33.312019;0.79766637
0;7.9282794;24.118319;1.9077202
0;5.1262674;36.963360;0.58699256
0;7.2546268;78.033020;0.89688128
0;10.998606;63.809624;1.0874250
1;26.305634;3.0601830;1.9365249
1;15.005459;0.054344859;1.8924496
1;5.7745223;1.2074695;1.4677663
1;1.0276176;9.9317236;1.8622431
1;8.1852446;8.5054302;0.66860420
0;6.3190603;49.003902;0.92833197
0;17.740301;1.5221490;0.51454550
0;12.714067;12.332217;2.2751784
0;7.8267474;33.517956;1.6113350
0;7.6660509;50.173950;2.1134913
0;5.5957026;43.104649;1.8357215
0;8.9494858;61.673080;1.4334158
0;10.510175;1.4929190;1.0283051
0;1.8753582;19.350889;0.99440289
0;5.9197216;20.138351;1.1120597
0;7.7682776;80.277740;0.96036303
0;1.7697597;69.777008;1.1537626
0;7.4153838;89.741234;0.96810919
1;0.71861160;14.036108;0.65434504
0;7.9124632;31.691160;0.94978219
1;0.32908937;13.276393;0.59605110
1;1.0718323;7.9893579;0.81888151
1;3.9314811;2.6047103;0.48741949
1;1.7051163;6.1234741;0.57241946
1;2.1907787;8.0421276;0.83550227
1;4.2583027;0.15377192;1.6821319
1;0.93532383;7.2492275;0.64304978
0;5.5017023;38.095448;0.75260371
1;2.1127431;17.050703;1.1630850
1;2.5989614;12.030653;1.3867781
1;2.8688662;11.611934;1.2809197
0;7.6715994;22.720531;1.5436597
1;5.0339479;10.699848;1.4319729
0;7.7351379;34.153637;0.81607544
0;7.3822222;26.514709;0.94427335
0;7.3506579;32.640606;0.44150445
1;0.55988443;2.7272160;0.48808995
0;9.6012926;37.779175;0.68406755
1;0.33656144;1.8467535;0.67546266
1;2.6109178;6.5994210;0.33427572
1;6.8246894;2.0948732;2.4789832
1;3.5327225;24.598034;0.77024144
0;16.438974;79.387108;1.6026984
0;12.849634;71.995125;2.1554494
0;18.004686;84.529617;2.1290689
0;18.675003;2.8278494;0.43603584
0;8.7071981;12.989678;0.22814836
0;8.1120729;32.423313;1.6927912
1;1.9038647;11.157176;2.5684781
1;1.9468988;10.952914;2.1316817
1;3.4288797;7.1450357;1.7662115
0;5.0853128;3.2738070;2.7425842
1;2.0266211;4.3518405;5.0222392
1;0.34794027;14.703598;3.6458848
1;0.57015741;0.69562012;0.48435700
1;2.0895398;5.0305862;0.67884761
1;1.6565468;17.373486;4.0128040
1;0.54291785;20.320251;1.3781844
0;3.4476001;17.056908;0.65122443
0;2.6186774;35.846973;1.0042986
0;15.933959;0.97137409;1.0224502
1;3.9000075;11.140474;1.2068323
1;7.0971403;2.3903227;1.8333329
0;6.3765440;38.674515;2.0710559
1;2.5000405;2.4171140;1.5600455
1;4.6134024;8.7772694;1.0960135
1;2.5192740;22.167372;1.8875830
1;2.3347545;14.868465;1.6507958
0;6.3556008;64.005196;1.9960413
1;2.2909911;2.9941850;2.2628593
1;3.5974894;5.5347209;2.0007308
1;4.0853162;3.4529371;4.6287174
1;7.5439148;2.2169573;7.2049141
1;3.8275959;14.163366;0.51444072
1;3.9983552;0.30576628;1.5165482
1;4.8326740;4.4452829;2.1912708
1;5.8521438;0.61317873;3.2075729
1;7.3292603;0.32930768;7.0292459
0;7.0977931;12.735175;0.64665759
1;0.33193949;17.510761;0.58624107
1;3.5776174;4.2459049;1.0516845
0;12.064445;23.707893;3.1188018
0;7.2784696;36.094124;0.39593574
1;6.8302841;2.6882741;0.94548857
0;10.798875;20.690367;0.62302619
0;10.837309;11.667444;3.1853924
1;1.4651513;6.4437852;0.86852968
1;4.8441486;7.5928402;0.62040311
0;3.4505661;34.819443;1.3042053
0;11.165408;1.3466054;0.92367440
1;1.2707484;7.1399579;1.2013130
1;4.6884122;17.200466;0.15414301
1;0.81757599;3.2912152;1.0664933
1;1.0224580;5.3165617;0.95775735
1;1.1465001;13.759731;1.3577601
1;1.1859540;7.2567582;1.8797023
1;3.6857331;5.5778751;1.7152112
1;1.0562085;26.656763;0.73354834
1;1.1985852;1.8984404;1.4395702
1;1.0780054;0.011646044;1.5451469
0;15.773333;35.737629;0.32138658
1;2.8130040;0.22341192;1.7233586
1;3.7196345;0.79195738;1.5077933
1;4.9104013;1.4224761;1.2705441
0;7.1247940;28.519566;1.2049588
0;14.061412;48.230465;2.0019057
0;10.099075;46.547096;0.93887603
1;2.1839452;1.7431784;0.39683533
1;0.11343107;0.47196046;1.2415317
0;11.618470;4.9248676;1.3728714
1;5.3858204;0.51183259;0.62300378
1;3.1997960;20.279308;1.5190012
1;4.5816855;7.1943345;4.6770205
1;0.25764900;20.429377;0.80703408
0;5.7344141;13.593996;5.6647906
1;4.3235364;12.467055;0.76203257
1;4.4576116;5.2918277;0.50808775
0;12.791149;1.1500574;0.84384531
1;2.4971983;3.0682955;1.1639884
1;6.8588595;13.479348;1.3547763
0;10.906927;28.286087;2.1211686
0;3.4700429;22.862352;1.1716700
0;5.7563381;11.650766;1.2304238
1;3.6753354;4.2475929;2.6562328
1;6.2897859;15.690696;2.4944725
0;7.3449039;38.407345;0.86708593
0;7.3045588;84.244637;1.1721117
0;10.151849;49.846619;1.7165555
0;4.2535629;24.533487;1.2167095
1;3.1570952;3.5418804;6.6789236
1;2.0520079;0.014434490;10.416515
1;3.3201807;2.5893555;9.9706354
1;3.8575790;15.839189;0.63974464
1;1.8577003;0.76209754;1.8837634
1;3.2217829;1.4984753;1.7859604
1;4.4317374;5.8357797;2.6443708
1;6.6306052;4.3380728;7.1989818
0;7.4945731;45.260590;0.47067726
0;8.9382563;11.022909;0.37654755
0;6.2917237;4.3745260;1.0772941
0;6.1940703;73.849876;1.1083521
1;1.0091470;9.7901688;1.1076292
1;1.4610848;10.546277;0.81609231
0;9.4045238;83.921623;0.58492726
1;2.1192982;12.139371;0.80516684
1;2.6000154;15.691612;0.51713949
1;3.6175165;9.7653923;0.59062350
1;1.0793432;0.67976391;0.68849504
1;1.2330014;0.26748469;0.88857478
1;3.1924739;47.899021;0.32693425
0;5.2841492;50.634361;0.59461391
0;0.69579935;71.259003;0.79068130
0;2.8966591;5.5509090;0.57907063
0;6.0957375;86.342712;0.83107001
0;4.8055120;32.387856;2.0391822
0;5.3845305;49.374973;1.0238168
0;6.7342119;79.214424;0.85910070
1;0.70536441;12.010580;0.46583766
1;0.92204845;12.037663;1.5487328
1;0.66167516;4.5669208;1.2530949
1;2.5751777;9.2988138;2.6067615
1;0.66264004;1.5107039;2.3707054
0;5.3125091;64.452339;0.36099476
1;1.3597548;2.5723121;2.0984356
0;15.370659;84.656380;4.6548209
1;1.6139973;2.8325205;3.2516782
0;6.5275812;85.527008;1.5167047
1;0.90865010;17.399277;1.4241991
1;4.7405434;1.9461831;1.5491946
1;4.6273208;7.9730144;0.98321676
1;0.33570245;0.88560641;1.0369105
0;7.9094462;43.846485;0.92016774
1;2.1656551;1.3093308;0.96238452
1;2.6948836;3.8563216;1.9866827
1;3.5112469;8.4412975;0.83892411
0;13.233418;45.429077;1.1092905
0;13.254638;51.195942;1.7021325
1;1.8619485;13.640551;0.62049437
0;6.8266840;82.910416;0.58397806
1;4.7361512;1.2638123;0.49432886
1;1.3056434;1.0998129;1.6660877
1;2.1878705;4.5337763;2.7179899
0;5.8239627;29.555801;1.9007034
1;0.97199392;0.29080820;1.8455839
1;0.32095981;2.4836755;3.7274263
0;26.140499;37.363533;3.2820837
1;1.4377371;0.074725099;0.58259624
0;20.592121;2.9357066;0.78436059
1;4.0882320;15.842336;0.96240121
1;4.7457495;2.2847044;2.3246126
0;26.919231;4.7613034;15.890412
0;16.529675;67.335907;8.8065681
1;2.8516736;5.2603393;4.4591985
1;6.5913682;6.9918380;0.28081906
0;13.713545;50.322235;1.3737429
1;6.2190228;1.0095204;1.0897967
1;5.3338957;1.3738527;0.71858722
0;9.2482395;12.009234;0.71933347
0;8.2516928;59.563339;1.3608598
0;2.8855391;66.902512;1.0215479
0;7.9887853;45.761272;1.0761139
0;2.1368825;81.179176;1.1687870
0;3.3587689;28.604286;0.85759836
1;1.9722439;13.242078;0.72813660
1;9.6658974;3.8424640;0.66910625
1;0.32714954;1.3518741;1.0246590
1;4.2954755;3.5670359;6.8759227
1;5.1443739;6.8445864;6.7407002
1;0.84919882;14.165643;0.65664130
1;0.58351606;3.1624503;1.9192265
1;1.6502243;3.0615749;2.1133857
1;2.8511963;6.8644176;2.6438920
1;3.9040658;5.2288737;7.2888670
1;8.3680391;0.63985878;2.0069919
0;14.353898;0.45397833;1.0615366
0;2.1318181;27.765821;1.4645594
1;1.7464460;1.5526165;1.0869814
1;2.4988389;0.53950566;2.1553106
1;2.9628961;1.9825026;1.6998668
1;4.0094175;4.5117450;1.0353644
1;0.91915733;10.037580;1.3278836
1;3.2484546;48.753418;0.70710993
0;6.1585050;55.585533;0.56701791
0;2.0364809;76.824715;1.0986979
0;2.2925773;17.597748;1.1907336
0;6.0700288;87.798737;0.87587947
1;0.74414897;1.9576666;0.74603629
1;0.78775311;4.0114517;1.2068539
1;2.9513235;2.4202642;1.7117240
0;7.9108338;89.292641;0.84464258
1;1.4191666;3.6157060;1.2551500
1;2.3002474;1.1719342;2.2957764
0;15.186267;51.651028;1.5572225
1;0.40206668;18.518808;0.84639221
1;2.2276950;10.983981;1.0905850
1;2.7983027;12.396182;0.85561061
1;2.4855821;0.28507420;3.1040640
1;2.6029165;0.85691202;3.4584153
1;3.8699718;4.8458152;3.1975973
0;15.718197;55.031380;3.7834320
0;6.0356226;24.924179;3.6707926
0;15.145202;57.145435;2.4260345
1;1.9903704;5.8449659;0.76170099
1;1.6828336;2.2249193;0.72102338
1;1.7142746;1.3777032;0.94609737
1;2.8858566;1.5705273;0.97140855
0;8.3983030;30.743492;1.4314513
1;7.3545127;0.35685676;0.62035978
0;6.8834572;86.690933;0.56626987
1;2.0161583;0.39829901;0.59580034
0;6.3807068;89.797318;0.42587045
1;3.6982098;2.9681864;0.52171004
1;2.3907783;16.015505;0.61761850
1;2.3451071;11.142818;0.34034854
1;1.5903685;1.5576640;0.82681119
1;1.5680306;0.46151954;0.70875299
1;1.6660411;1.2104754;1.5030497
1;4.4457822;1.6133536;0.46379942
1;3.2276506;3.4286540;0.90152907
1;1.7657479;19.774174;1.2435721
1;1.9269685;13.026439;1.8644592
1;2.7911637;5.7526917;1.5195764
0;7.7519097;21.754938;1.0864205
1;3.9302504;1.0220699;1.6651789
1;6.3096700;0.33154908;1.6869190
1;6.1484222;1.2825246;1.6020021
0;3.8028593;1.5672014;2.2697196
0;6.2634807;16.518923;3.9311030
0;8.0819902;6.1465249;0.90904206
0;8.9111357;35.708351;0.68131709
0;6.1050191;4.5464263;1.2047840
0;8.1241074;1.4014311;1.1701338
1;4.7118039;17.504406;1.4798820
1;1.2747902;27.661612;1.0271415
1;5.2224703;7.1633415;4.0001388
1;3.7697949;0.51243895;1.0018520
0;8.3275671;36.186398;0.61515367
0;8.9845676;63.966568;2.7017992
1;0.88487077;0.11120199;3.2100759
0;27.394892;0.60031146;0.74859405
1;1.6008935;0.86885113;1.0978928
1;2.3386083;6.9637151;2.1672618
1;3.8838134;11.451182;2.8336456
1;6.6686945;8.3260860;6.2758098
0;1.1070536;1.6352651;3.6733611
1;5.9428873;11.739691;0.56658900
1;0.92166722;11.287018;0.54307377
0;7.9588470;83.977562;0.95486075
1;0.76717246;0.10634493;0.88649958
1;1.3040272;3.3105726;0.95190644
1;2.4733200;4.2849417;0.86459470
0;7.3577285;82.878731;0.83490932
0;7.1669393;79.766777;0.35923705
1;2.6582096;3.0675766;0.95733804
1;2.3730161;2.4220128;0.84855866
0;6.5967736;32.823078;0.18430512
1;4.4868908;16.163404;0.61933386
1;0.26791432;4.3165703;1.7063240
1;1.9606125;3.1787493;2.6503165
0;5.5016613;69.740959;0.54297370
0;11.527939;42.465214;1.0225844
0;9.3180504;32.475628;1.1163572
0;3.5105908;2.5630128;0.77617502
0;8.2216988;4.5820718;1.1585133
0;3.0877080;1.1577853;1.0702916
0;14.874156;89.285362;0.79216295
1;0.89690679;4.8582935;2.4563785
0;8.2280836;64.594513;1.9260073
1;0.41090456;11.043726;0.69167280
1;1.5772060;8.7873812;1.8916008
1;2.5039253;6.9545660;1.5128950
1;3.3550210;23.190613;3.4664035
0;8.6820021;6.3682051;0.96760005
1;0.63617229;1.5202460;2.3857751
1;2.0261681;2.5516474;1.9422383
0;19.719603;57.113811;2.3194635
0;19.954885;60.717278;1.9463289
0;11.586576;55.863472;1.4693505
1;0.60973740;3.7229512;0.45551965
1;1.6059177;3.1807501;0.42964020
1;3.2394824;0.065907463;0.32219973
0;6.8541842;19.933207;1.5437549
0;5.7439671;0.15390924;0.88079852
0;15.833428;88.897308;2.0078220
1;0.83439648;22.111229;1.3593898
1;0.38191709;2.5279417;1.0078946
1;0.16760999;2.1605072;2.4364760
0;26.383690;25.713524;3.5842516
1;0.34586233;3.8437800;0.62538266
1;0.53927374;21.156363;1.3636767
0;24.661388;2.7054529;0.44955552
1;0.47498986;21.969845;1.2279733
1;1.5667968;2.8218949;1.7537575
0;29.059950;8.8626022;19.404833
0;20.268522;61.665771;10.641481
1;1.6562819;4.1082764;1.3754354
0;6.4759512;34.245316;1.7783240
1;1.8870065;12.462068;1.1220081
1;1.6489654;4.1047883;1.5774969
1;4.0364795;2.1193287;1.7721144
1;2.6948154;11.281479;0.57381040
1;0.46482325;16.680099;1.3619449
1;3.3728361;8.8669538;1.1214631
0;17.469091;4.1887755;4.0466557
0;2.1222632;50.629349;3.6618798
0;25.656015;2.7912085;0.93083328
1;2.0319691;2.5408943;1.1389982
1;4.7352915;6.4132547;1.4249395
1;6.8990326;9.6326656;2.2829773
1;12.649997;0.82494199;6.8507223
0;7.4198742;8.5812073;4.0171742
1;0.44682619;5.2372026;0.49756208
1;0.15322056;10.557065;0.78534794
0;6.4013715;7.8642087;4.0248809
0;4.8113127;8.0212145;3.4896994
0;3.3503923;8.2911301;3.7544870
0;3.4491999;5.2929454;2.0802248
1;3.0985723;1.8357776;0.90397811
0;1.5747298;31.110834;1.6928040
0;12.929573;7.9628439;0.84663206
0;8.7951965;19.297846;3.0072598
0;4.5133433;29.890347;2.6320117
0;12.202174;1.2594930;0.98359013
0;6.6346254;41.433380;4.1758161
0;9.0200081;47.396408;3.5517459
0;7.7613220;4.5017519;3.4356694
0;6.7432232;0.75529432;3.7649388
1;1.7270218;17.232504;1.0919265
1;2.6046875;0.14906174;1.1505717
1;3.7536678;1.3672450;1.0124276
1;4.5862727;2.5350764;3.1138380
1;5.2536845;9.9239168;2.0601420
1;5.9023342;11.997999;1.7762043
1;12.398720;25.522507;2.9441559
0;8.5028048;42.251389;0.57522905
1;1.3657613;3.3014894;1.4878367
0;7.9436321;46.532257;0.57230556
1;1.6257461;9.5050535;1.5391067
1;0.45425329;1.0421668;0.72845048
1;2.0703776;11.941901;1.6968322
1;2.3852155;10.502261;1.8070178
1;0.21456589;9.4445868;0.40278915
0;10.569453;16.668941;0.83021134
1;1.2906438;0.30401328;0.19624907
0;11.943459;25.783468;0.93443334
1;1.9892478;5.6320400;0.39110011
0;10.569793;24.781025;1.3330930
1;1.3159467;10.040735;1.1006367
1;0.66862470;3.3765130;0.86907899
1;1.4553995;1.3254389;0.73240346
1;1.2340391;0.054120574;0.39677483
1;1.0749203;3.2240415;0.61442524
1;0.84727722;7.7042890;0.65525317
1;1.5626115;0.70831388;0.37585282
1;0.74827927;7.6475124;0.60003847
1;1.5856469;3.8234534;2.2489240
0;22.884970;9.1794643;3.3004899
1;1.7780572;6.4068255;3.7446706
0;23.133579;20.327602;3.4808149
1;0.99712938;1.9847692;1.3664666
0;22.748074;27.280920;1.4570582
1;1.5408235;0.30130661;2.5028749
0;21.475939;27.580627;0.84571224
1;1.8022178;0.21390185;3.3909590
1;5.9866848;29.093945;1.7619592
1;3.8788033;7.1010385;3.5656819
1;7.1047053;41.914692;2.1202388
0;4.0319872;36.347290;1.1777992
0;0.22868539;0.99500144;1.0039486
0;0.67757368;7.1448050;0.89823097
0;1.6897476;2.6844027;1.2176771
0;3.8162251;0.83334708;1.1051185
0;3.2552075;19.951008;0.96512234
0;3.2124393;11.646299;1.4395859
0;5.7303901;29.462986;1.4724319
1;1.3865268;11.367879;1.7845918
1;0.92173415;11.407651;1.9175913
0;17.786394;9.5584507;0.86863804
1;6.0085850;19.278214;2.2985213
1;5.1467700;13.779512;1.8027029
1;7.7630577;25.638666;2.7169151
1;8.3932905;25.219723;3.1955755
1;1.9996938;7.8449450;0.48742753
1;1.6483238;5.6939001;0.84093642
1;3.3559175;8.8092356;1.5055187
0;1.8425645;4.2904572;3.0946779
1;0.14718173;0.95856738;1.7971848
0;0.50572526;27.547215;3.6319673
0;8.0033398;48.472084;5.5320330
0;4.4393702;29.448107;3.5377951
0;2.7389541;46.161652;5.5532117
0;6.2491403;2.4952888;1.5977736
0;9.9266195;8.1322021;1.4547036
0;9.3511944;50.543331;1.1157582
0;6.6735010;74.722633;1.1356487
1;0.62639862;2.6961794;0.88410902
0;3.7981000;5.9586692;1.1690694
0;5.0270000;1.2440126;5.4013677
0;11.129115;31.761047;9.6299515
0;7.0734539;0.26026618;8.8657207
0;13.117745;26.631447;4.0638123
0;7.8933368;2.6907310;0.97853202
0;9.6481848;8.9322023;0.93290579
0;8.4410696;13.114427;1.0744816
0;10.715874;3.3053858;0.69137448
0;10.825017;4.2326913;1.3006941
0;7.2999983;3.2344882;0.82292795
0;1.9044694;26.159828;1.1206142
0;6.3285813;26.943527;1.1512007
1;0.74043083;1.7862977;0.64855671
1;0.69479513;3.3674328;0.84965181
1;2.0805590;2.5242331;1.3337522
1;1.4047999;1.7383920;1.0845476
1;2.4054506;2.8904276;0.81275296
0;12.372504;41.539677;0.61750406
1;0.32587606;0.38264197;0.41113952
1;0.76548082;1.2807394;0.28442177
1;1.2688994;0.30445030;1.0471618
1;0.37347794;7.6963105;0.91583729
1;2.1622610;20.900219;0.85325402
1;2.5095663;14.174682;1.5589578
1;2.7925780;10.199459;1.6224205
0;4.7486725;0.38548020;1.4732621
1;0.38715160;5.7771597;0.78218496
1;1.6960940;5.5821414;0.65173209
1;0.35929585;2.5635965;0.85010117
1;0.52832520;5.8153110;0.65057790
1;1.4678348;2.0000684;0.40639555
1;1.8706720;7.2620358;0.51664585
0;12.647240;36.478184;1.6699455
0;9.4354486;39.104912;1.3452048
0;6.8179917;42.359238;0.61362493
0;7.0702438;38.327377;0.43723309
0;7.5038400;82.853943;0.75150114
1;0.89750409;4.2686338;1.1047179
1;0.58741981;5.9365482;0.88533437
1;0.41220757;6.7282991;1.0351659
1;1.9948127;0.21314612;0.91584337
1;0.92995435;2.8120034;0.97079176
1;0.89190692;10.498490;1.1980304
0;6.9828820;27.779139;2.3093069
1;0.24257414;1.6052412;1.1788564
1;0.94832003;0.84398150;1.4191072
0;5.6620383;29.191210;1.8043970
1;1.8579720;2.4575500;1.9307593
1;1.7789949;1.3590624;3.3724639
0;15.209455;88.962723;1.0793291
1;3.0391686;3.7596228;4.3956971
0;13.855048;89.595741;1.0573717
0;14.458029;70.978081;0.96288514
1;0.50896251;1.6380690;0.40289381
0;15.738351;3.7183747;1.6456134
1;0.47734776;0.074218348;0.85161322
0;19.011158;0.32980224;1.4254441
1;1.4502889;3.1259561;1.8028190
0;20.322882;0.17897934;0.56564707
1;3.4841774;4.8154206;2.4154172
1;3.2200336;7.8008962;1.5905173
1;5.4401817;14.030322;2.3547244
0;24.450209;20.200548;3.7232625
1;0.24874914;10.769203;0.70283890
1;1.6667700;3.2907095;1.3363281
0;6.1167884;48.009491;3.0482583
0;6.5277181;36.476212;2.2720239
0;7.5846219;32.869244;1.7440764
1;1.4579438;11.207897;1.2474530
0;6.4984927;52.332272;2.1808367
1;0.87593687;2.8192003;2.1290252
1;0.44855803;2.8937421;2.3313870
1;1.1367973;18.987692;2.2375517
1;0.59935784;3.7362218;0.29747471
0;22.537678;0.47232661;2.2225618
1;0.65480351;0.94847608;2.1684208
1;4.5104852;5.0123029;0.50269794
0;13.895688;0.098122671;3.0560875
0;2.5461540;5.5210752;2.1666877
0;7.7882214;23.851257;3.1274214
0;3.4676647;0.079576351;1.0482354
0;4.4779487;0.50525731;5.1052761
0;10.625309;79.858414;6.1838593
0;6.0971336;29.008631;9.6676502
0;12.420322;12.814387;6.5314689
1;0.26860312;0.94028264;1.3344005
1;1.4297853;1.8602911;0.71592891
1;0.99958587;1.9661430;1.0452044
1;2.4130597;3.2139163;0.74844223
1;1.4834765;5.0254779;1.1831121
1;2.3367584;2.8192334;2.3274050
1;3.6456523;13.400600;2.7254016
1;3.9619865;14.759835;2.9966588
0;11.117072;24.916510;2.1971214
1;0.73524344;1.5859464;0.61668789
1;1.0914099;0.63009596;0.54243839
1;1.9033544;6.2474165;0.73034072
1;0.82313085;10.147971;0.69891059
1;1.5000721;1.1267053;0.53503925
1;1.5780905;6.3663135;0.43896416
0;13.030809;35.435513;1.4967301
1;0.60546148;0.29451826;0.41967347
1;0.75079405;1.7760307;0.94704401
1;0.70626485;2.0066972;0.65237069
1;1.3905560;2.4263182;0.53662735
1;1.7808063;6.1754093;0.39286563
0;4.9706435;0.14991373;1.6349148
1;1.2336476;7.8646774;0.39954334
0;1.7042269;12.728276;0.33535725
0;4.0106659;73.113258;0.48151380
1;1.1279223;1.3315296;1.5082209
0;5.1300039;34.858341;1.7523820
1;1.9303821;0.39111143;2.4975393
1;2.1585045;0.74910796;3.1973596
0;14.625091;85.884590;1.0795168
1;3.5189192;4.4108081;4.4884162
0;13.260457;87.585869;1.2037220
0;14.545828;69.857910;0.99046129
1;17.948143;0.67793030;1.3532138
1;2.1814871;4.2141881;1.6096413
0;20.319443;0.36817548;0.53146333
1;4.4520822;5.3675704;2.5809453
1;3.8208866;8.9665442;1.3663234
1;6.3796768;14.851208;2.5172758
1;4.1916771;36.565918;1.6086472
1;3.0339587;21.969236;3.0338111
0;6.3528872;36.878277;3.2008879
1;5.6946316;2.8196778;1.0797087
1;2.9306707;4.1507945;0.45456856
0;20.276075;2.9354558;0.88227457
0;12.619483;2.4496753;3.5830638
0;15.510275;35.705734;0.61081338
0;5.6542058;13.439885;3.1923470
0;7.3000789;87.301933;1.0316598
0;24.164036;16.082323;2.5440452
0;11.563366;21.362045;3.0921392
1;0.96454859;6.6845760;1.6357930
1;0.81991744;3.7180998;0.88882124
1;2.2598658;0.45186436;1.3354875
0;14.562323;51.426773;1.2818835
1;0.73810005;3.9731982;2.3714943
1;2.4815598;18.472925;2.3152432
1;2.4968040;19.951965;2.7037506
0;6.4246593;42.347366;5.0982904
0;8.7234201;41.527222;1.1210145
0;4.5440388;52.129444;0.98922890
1;1.4079865;4.3048673;0.45261672
1;0.91648060;18.615301;1.4027680
1;2.0622220;16.769619;1.3256496
1;3.1231465;7.3971143;2.8679516
0;10.966759;25.352823;5.2476010
1;4.3385429;12.557352;1.6783022
0;8.9191809;40.964848;2.3223040
0;7.7595005;13.183440;2.3122194
0;7.4641552;18.141951;1.1067859
0;6.4161415;5.2338352;1.2067081
0;6.2294788;47.892056;1.3767269
1;1.2865316;9.1726370;0.59807491
1;2.1608839;3.5650110;0.62786955
0;9.6706371;8.8531380;0.78392190
1;0.23222306;4.5803523;0.55598468
1;0.55402750;3.7504196;0.54627657
1;0.55182183;0.84678584;0.59886640
1;1.2565097;11.005790;0.46782535
0;4.6118393;11.412236;1.3687216
0;0.62943363;45.344650;0.86361074
0;6.0448809;55.699741;0.93619919
1;1.5133300;18.959074;1.5590661
0;1.6758013;39.683262;1.9695314
0;3.0147078;77.018936;1.0411445
0;8.3662434;43.145222;1.6449188
1;1.1270186;2.7293627;1.5758487
1;0.90781951;1.3860216;3.4321017
1;2.4284544;0.50431114;3.2350304
0;14.522030;89.542694;1.2445363
0;15.030085;71.015747;1.3797671
1;1.3255787;2.4677813;1.3708332
1;3.6003592;16.397524;1.4283561
1;2.2403247;7.3098655;1.2911463
0;9.8167906;51.980061;1.5494907
1;1.7578292;2.0338516;1.6500089
1;1.8487586;5.6277027;1.0468841
1;3.7807765;6.0381498;2.1113071
0;9.8390598;0.59971410;7.1097040
0;8.6788282;54.426010;1.6732287
1;1.9354810;0.33814138;1.5693073
0;10.102625;14.161959;1.5626037
1;0.37007648;1.7984514;1.7671680
0;17.174601;0.92352837;0.41470993
0;7.1935925;12.385669;0.68038583
0;10.128417;2.5673332;1.9725591
0;3.8116410;10.361531;0.59792197
0;2.7906454;3.7710710;1.1284674
0;5.9384656;3.4239407;1.6156528
0;10.088533;0.36271670;1.0450665
0;3.8051572;1.6510000;20.194956
0;0.87933409;1.2227356;12.107034
0;7.2887044;1.1195540;21.324633
0;16.496395;1.0061092;20.777775
1;2.3438292;2.7974179;0.37379345
1;3.8875840;0.95257729;1.8351109
0;4.6149006;28.288237;2.2818441
1;1.3324212;18.776903;3.0815833
0;1.5442731;40.922592;1.7221181
0;0.77349526;36.456039;3.6904793
0;6.5454340;30.419226;4.0032735
0;18.258282;18.061211;2.7100620
0;2.3352938;33.092068;2.6806998
0;8.3978662;42.676456;2.0763688
0;5.9403386;34.772346;4.1307511
0;20.544909;6.6576910;3.4712806
0;4.1560602;35.292084;3.9920881
1;0.49657109;3.0690722;1.9026445
1;2.2313449;5.5226207;0.98370034
1;1.4824978;13.292535;2.1433697
1;1.7053436;15.275375;2.7490292
0;5.2351551;45.362045;2.3417995
0;7.1594296;36.393635;1.8088696
1;0.62569892;1.4962059;1.0134249
0;2.5053675;49.379601;1.2343582
0;7.3790288;9.7962952;0.73263144
0;16.914242;36.321785;0.64988196
0;2.1768000;79.337891;0.93478519
0;7.6154385;3.9119813;0.42009777
0;16.647551;37.158798;0.34531915
0;3.5516984;20.203636;1.4029658
0;5.9389129;22.533213;0.44330636
0;7.7386794;88.651825;1.1597435
0;5.4428325;26.884014;1.1061310
1;2.7027307;2.3257282;1.2777942
1;1.1299191;8.3693504;0.66090769
1;3.3853180;2.2724278;2.3174856
0;10.175509;12.090334;2.5035717
1;3.6717806;8.4184322;6.6626596
0;8.2197161;48.300854;1.4020689
0;9.9426355;14.447642;2.5255342
1;2.9138358;1.1631783;3.9416370
1;6.2546625;14.205644;0.69301647
1;1.9654030;5.0848107;0.46190903
0;8.5460014;47.411800;1.8469447
1;0.66612333;8.4922714;0.71827531
1;0.16342887;11.043157;0.82110298
1;1.6851031;5.3346672;0.58803326
0;9.9330654;18.216434;0.73804456
1;0.81005508;7.0251536;1.1049311
1;3.5834365;4.3595724;1.1479753
1;3.7756500;7.5396261;1.2613162
1;0.63885784;4.8835425;0.55415291
1;0.22765087;4.3688350;0.34349906
1;0.53460091;3.9268084;0.44323188
1;1.1169733;4.5847864;0.81137818
1;1.2846136;1.4070688;2.7945268
0;2.2819617;27.110710;3.2316217
0;7.4053612;6.7476869;4.0262551
1;0.64373696;2.2485054;1.3519658
1;1.4477637;1.1433465;1.3950703
0;16.550425;82.957001;1.5266378
0;16.075834;66.380791;1.6466099
0;7.1728110;58.420395;1.2074572
1;3.5433676;4.9800577;1.7129431
1;2.2353711;2.5031021;1.1535656
1;0.82263124;2.0641031;1.4652051
0;5.0112257;40.997692;1.9576287
0;10.051182;36.067635;1.5979896
0;4.9435291;42.371735;1.4527558
0;5.9277668;52.981045;1.6127771
0;1.5104784;13.354232;0.98080432
0;4.4526248;61.600189;1.4889824
1;2.9069736;11.647278;1.0948201
1;2.2779052;14.815436;1.2348555
0;10.474734;56.012394;1.1605877
1;0.78134996;2.3341830;0.99133390
1;2.0034139;8.3303919;2.3842986
0;26.685101;19.001585;3.5459239
0;8.0017824;7.6970148;9.6577930
0;21.697079;15.540874;12.698724
1;0.71957135;9.8359795;0.87667423
0;3.3716326;71.016991;0.99986964
1;3.2555368;3.5116997;14.342745
0;19.046537;1.0725472;19.923420
1;13.019918;1.8752612;0.81921226
1;10.243480;0.83640796;0.91796058
0;28.676001;16.520571;5.6916938
0;33.463539;14.681619;0.94568491
0;2.8071630;33.227188;6.2408142
0;6.6453710;23.434355;7.1278982
0;11.685239;20.234991;5.4552402
0;3.6446087;74.800606;2.8845992
0;8.6079445;16.519653;3.6711481
0;6.0429149;5.6559601;4.1627035
1;1.3785964;4.7173877;1.4321159
1;1.5621927;1.5677122;1.6315026
1;6.7796278;14.869081;4.0168185
0;6.8777175;27.841047;1.8066139
0;8.5605259;15.531067;0.96338946
1;2.4800596;7.1187968;0.70110232
0;8.5092421;51.874893;1.0230732
1;2.6373265;4.4181032;0.56324410
0;13.351030;14.804897;0.68298823
0;7.5306149;65.122414;1.0674955
1;0.93033141;23.289309;1.0403205
0;1.1344726;74.817436;0.91180319
0;7.2411017;70.389664;1.1154438
0;2.0279148;71.476418;1.0385106
0;5.8016596;83.060883;1.2293251
1;2.2593076;5.2647791;2.5399442
1;2.7125630;0.37242150;1.7182329
1;1.2552575;2.8053439;2.4864140
1;2.9185367;24.875383;1.1933467
1;3.7282388;13.285542;0.53158593
1;0.89514965;0.72322369;0.46334860
1;0.83306623;2.5247574;1.9156566
0;3.0091541;28.368071;0.72719091
1;2.1885581;2.9815195;0.88563943
0;6.0001922;46.118290;1.6637081
0;5.7636356;79.376389;0.85206532
1;1.3921789;0.34300971;0.81657052
1;2.2044914;25.945448;1.0856681
0;7.9016347;46.000301;1.0019438
1;0.91253603;5.0130935;0.53346533
0;10.335551;1.7107704;1.2755909
1;1.6718912;8.5085258;1.0520259
0;7.2861714;54.082005;1.9238936
1;0.67811537;0.13161935;1.2434003
1;2.6674047;10.148277;1.1913825
1;4.7441912;10.267157;1.1535922
0;5.2741036;8.8602276;3.0883145
0;2.3682644;83.627731;2.5604458
0;2.0650232;25.257202;3.3272324
0;8.6733189;6.5450406;1.9439270
1;1.2556980;2.1368997;1.1887830
0;16.088560;87.031990;3.3775222
0;15.741858;67.506416;1.7566400
1;1.3870583;3.3169968;1.1771121
1;1.0727497;2.5971131;1.1087790
0;7.8087220;18.567635;0.42778563
0;1.1597157;18.862686;0.37951046
1;0.60735613;2.6784036;1.0921590
1;3.1945515;2.4460499;2.2471745
1;1.9255050;0.84620959;1.3977089
1;8.1621037;2.4480808;5.1867151
0;2.1223295;53.498287;0.42104012
1;3.2813628;10.182261;6.5698323
0;13.997870;0.46403769;23.045353
0;32.175709;0.91759574;0.51294529
0;11.233622;3.0049493;5.1718507
0;6.7179985;10.058258;10.547628
0;11.451797;8.0663376;26.926859
0;16.111155;10.684568;7.5984797
0;5.8503628;58.695946;4.1752758
0;5.2986455;19.245670;8.3066769
0;16.848217;53.064770;1.7750763
0;4.4385118;84.645470;2.4002285
0;0.18693271;42.062099;0.97220659
0;15.142968;17.059422;1.0240653
1;5.4831414;13.104793;4.4233413
0;5.2627554;26.446556;1.8909298
1;1.1100007;0.49493864;1.0159314
0;19.040897;15.149625;1.3601139
0;2.7106056;34.202324;1.0653173
0;7.2718401;5.2853041;2.0103896
1;8.3107347;2.8172052;2.1967843
0;0.80104870;83.408951;1.0349956
0;2.4563711;49.048847;0.95849520
0;5.8926659;60.663422;0.74756414
1;3.1535745;9.0346394;1.3097321
0;10.969408;18.256529;0.54723275
0;2.3443444;22.504143;0.83008903
0;2.5141551;3.0828323;0.14544296
0;6.3010092;48.752285;2.9885714
1;0.95918810;0.46200645;0.75858092
0;9.2598038;17.749672;0.51819831
0;4.7013545;1.0545605;0.69093919
1;9.9926538;0.77246630;0.66486448
1;0.83035332;0.71031672;0.74688888
1;1.1336906;6.9697275;0.37874877
0;7.2044053;55.182423;0.73037791
0;12.787415;4.8090711;3.0138423
1;0.49062252;0.69650173;1.1628056
1;1.2780129;2.5058773;2.0372393
1;1.6314579;33.941978;2.5712967
1;0.88004571;1.8614964;1.4560812
0;7.2993827;0.13581875;2.1547287
1;3.2142513;10.133685;0.95370537
0;5.6166101;8.6827030;2.5919213
0;18.003870;78.474281;2.2175825
0;18.677614;57.166058;1.7891541
0;1.7248172;38.558933;2.6611049
0;15.778820;23.169024;3.6390531
1;0.40419292;0.59968972;2.0759358
0;9.1096363;30.079086;0.44725010
1;2.4875495;9.3669376;0.46267077
0;7.2904763;42.497501;1.3903394
0;8.4456720;34.253010;1.0990771
0;20.527657;28.484434;2.7331553
1;1.2974354;14.582474;1.1685745
0;23.259254;29.818012;2.8718796
1;6.0351510;3.5125456;6.7420654
0;22.336416;18.960905;10.872225
0;14.600460;2.6490946;1.5144522
0;4.0938234;39.066952;2.3247118
0;5.1880574;43.468853;2.2152302
1;8.3310280;0.21375079;4.9148245
1;12.190273;6.8620462;2.8206751
1;3.2572255;16.121761;2.5199487
1;2.9056740;16.196781;5.4328022
0;5.5073214;61.797607;0.91004497
0;3.3797221;25.342945;0.67478007
1;9.0053654;1.6835090;1.9287354
0;9.5569649;25.769653;0.82688141
0;6.0730209;8.0867271;1.2596650
1;1.6710728;2.6177459;2.1904137
1;0.83289927;18.166256;1.4670278
1;1.7403193;11.335695;0.90023452
1;0.53453404;4.6397543;0.90242016
0;9.0938931;4.6873479;1.7935019
1;1.6537193;0.16789204;0.41526419
1;5.6018329;4.4394522;1.3483288
1;0.89620590;3.9680545;0.23042133
1;15.504711;0.45931631;1.5672218
1;2.8413200;3.7762804;0.60759670
0;7.9470563;47.770618;0.40585184
1;4.1688266;6.2277818;0.50839984
0;4.4186749;3.4433873;0.67085493
0;5.7757273;57.742813;0.48492426
0;6.8019137;9.1157303;0.66162860
0;28.482399;0.019608291;0.75849390
1;9.2941513;4.1454868;3.3617988
1;0.53899783;3.9263959;17.020922
1;2.8869803;1.5541546;6.9795618
0;35.484894;0.69765425;2.6997476
1;5.0543599;13.553180;0.84012496
0;6.6124701;44.069145;1.6937222
0;8.0267258;64.248627;4.1470890
0;6.8008251;37.309933;4.7515392
0;7.6010284;71.704071;4.3848825
0;5.8220797;42.937115;3.8239038
0;12.627335;38.807583;3.7444627
0;4.0315514;30.290232;0.40114239
0;3.4352221;29.096533;0.39183483
1;1.4634620;2.9585264;0.42733768
0;4.7775922;72.330299;0.52859616
1;1.8087448;0.99562234;0.56267548
0;25.666489;9.6665163;0.60144794
1;2.8402219;6.4617429;0.51827431
0;21.721207;40.224659;0.54953891
1;3.7594903;3.2320011;0.89882958
1;2.1652865;4.4334769;1.6810316
1;3.1815109;3.1745276;1.5759286
1;3.2411456;0.31008738;2.5032182
1;4.0739498;18.185905;0.68849397
0;7.6704378;4.0437274;0.55587029
1;1.8664323;3.7380633;0.78404236
1;1.4401431;1.6837589;1.1520677
1;1.7476519;3.5914512;0.83459342
0;10.136360;23.614706;3.0792758
0;1.5377078;66.017441;13.480118
0;2.0763009;64.804825;14.115261
0;1.9599642;68.240433;13.491508
0;2.3516364;69.661186;13.456583
0;2.9911590;71.395248;13.236432
0;4.5273294;52.828197;0.89783102
1;2.0977976;2.6593292;0.86897051
0;14.455709;34.809471;3.2955422
1;0.24808973;19.425974;1.2268260
1;1.2388519;15.120438;1.3933738
0;10.013946;5.2195282;3.9953735
1;1.9628274;1.2637705;0.32448316
1;0.038513288;0.073581986;0.64670277
0;8.2496586;15.804128;0.22078525
0;7.8700671;81.429245;0.23338413
0;6.0488639;82.858139;0.39715022
0;5.0729876;85.388649;0.26241353
1;0.17886503;2.6073873;0.85410148
1;5.1919127;15.340305;0.18429038
1;2.3307691;7.8352237;1.1010884
1;2.9383316;4.2541127;1.1678852
1;6.3638258;26.048170;0.74584609
1;3.1245148;10.974129;0.75696748
1;1.3982147;4.5626020;1.0228914
0;7.3806701;66.974411;0.49199858
1;1.3249716;0.15013020;0.73309791
0;13.063183;0.23092502;0.62805974
1;3.0560589;5.4845276;0.86537600
0;9.0217447;25.307882;1.6878796
1;3.7012861;5.8118014;1.1906817
1;2.1994565;6.5776739;0.61865932
0;7.6082072;38.173969;1.3228493
1;6.3337212;3.5390062;1.5186671
0;9.8162804;54.763573;2.0780854
1;1.5301768;12.540097;1.1166195
0;7.5379872;45.816345;0.59987569
0;9.0232267;16.465420;1.3735213
1;9.0822096;17.792986;1.0496106
1;1.0024285;0.38231716;0.74697846
1;0.84260106;1.2322645;0.48548195
1;0.85604930;0.71644688;0.68131673
1;0.34895450;8.6662788;0.97227579
1;0.14859851;8.2693205;1.2381723
0;8.9796772;39.121998;0.94448465
1;1.9239831;12.265394;2.8348489
0;8.7979622;40.354698;0.86407834
0;11.093963;32.116982;4.9983869
0;8.6676950;52.779705;0.98882312
1;0.86675221;1.2251517;0.39960450
1;4.1928077;6.8374085;2.1041470
1;0.58627808;14.009462;1.2541192
1;1.5623261;15.189732;1.1884837
1;0.75456601;0.96670353;1.2478099
1;0.49898869;3.1382699;2.0531380
1;2.1203580;1.2694166;1.0265281
1;3.9795611;0.31271562;1.4495695
1;4.5426154;5.1674056;4.0879526
0;21.152390;13.778324;19.717817
1;0.50461608;17.303774;2.0830166
0;1.8585874;37.753277;2.4132812
0;9.4500885;2.3835387;1.8784124
0;9.6991901;1.0217259;1.7630101
0;9.4688816;53.609444;2.4730043
0;9.8603430;4.8021994;0.43088907
1;1.2820643;12.135280;1.3580831
0;10.127031;10.344612;1.4969549
1;2.5669894;7.2324057;1.5522057
0;15.719018;40.789886;1.8255187
1;2.6788707;0.14508246;1.9970886
1;3.3267479;11.786306;2.0811868
0;13.408898;8.3294926;1.6606070
1;1.7965823;5.4653950;2.3329623
1;5.1671748;10.235518;3.7255402
0;1.9610544;51.053661;1.2083969
1;4.4807444;5.8255816;3.3710461
1;8.0783319;8.3481073;2.1217279
0;4.2378697;37.272373;0.90014768
0;8.1797819;49.239662;1.3213795
0;10.948025;1.8403169;1.0815508
1;0.43013307;4.0887117;0.78948987
1;5.8439360;5.4136662;1.1179950
1;2.4664366;13.572359;0.64977175
1;3.1771700;6.6581602;0.98458016
0;7.7771688;21.587204;0.73070121
1;2.0334432;6.4825053;0.92304128
1;3.2829585;1.7179940;0.67288172
0;8.5859299;35.986458;0.73170000
1;0.43926591;1.9901915;0.78729552
1;1.8709626;11.094378;0.70501149
0;11.135296;10.388832;0.77434427
1;0.15387963;3.7352867;0.68379748
0;6.1488872;28.363483;0.46513638
0;7.1701570;18.771864;1.0678513
0;5.7933817;4.7366138;0.92385203
1;0.60418785;1.3601859;0.93895370
1;1.0839589;4.0169535;1.7741064
1;0.58761168;4.2772207;0.81549662
1;1.0259316;1.2022681;1.4266691
0;8.3583956;54.002865;0.84225196
0;12.764550;45.501095;6.7261500
1;3.8211002;2.5393336;2.4433892
0;18.378906;2.0951118;1.1811676
0;2.0699010;33.317329;1.4149442
1;1.1157377;2.5994434;0.55392200
1;1.3289068;1.0597621;3.2561178
1;1.4474875;1.0676314;2.1662197
1;4.2628531;4.3886957;2.3683147
1;14.434316;23.400959;48.911144
0;15.008357;19.187346;16.382566
0;11.861499;13.625196;1.8463445
0;9.1510706;42.246983;1.3125000
1;1.4009823;20.311722;1.0943487
0;12.092044;7.2776513;0.74267411
1;0.86087674;12.623122;1.0631917
0;12.773110;9.5371895;0.73238343
0;9.2585859;35.968971;1.1871519
0;10.559973;0.92856437;1.6823627
1;2.5054035;5.0293355;0.84858894
0;14.174516;24.416500;3.4752827
1;2.7224905;12.160474;1.2017630
0;14.505517;31.269615;2.6141992
0;17.359337;0.87631732;2.5825381
0;7.9373150;2.8272896;0.39007136
1;1.3231646;0.96728057;0.62759763
1;1.3545748;0.044884369;0.25999743
1;3.7071850;4.8221374;2.6384490
0;4.6137590;54.634323;1.2203363
1;2.9521832;0.43918920;4.0811667
1;6.6114054;2.9086747;2.5575259
0;5.3393960;55.550812;0.98081160
0;5.1736021;31.794477;0.32797599
1;1.2341727;6.8064232;1.7711371
1;1.4864976;14.364805;4.2434421
1;8.6738157;17.985113;5.5091310
1;2.5535653;11.435422;1.5695391
0;7.0108585;29.477060;0.77756834
0;12.338470;2.8962474;0.63231540
0;6.3923349;40.897243;0.86190981
0;7.0745416;24.917694;0.69217885
1;3.6614015;20.922575;0.83307213
0;4.6765409;41.104393;0.65595841
0;12.318175;82.832497;2.1184778
1;0.14430578;4.3673892;0.95894575
0;10.593546;20.196302;1.5385774
1;1.7808197;2.9374244;0.96770465
1;0.89898819;0.57498431;1.0526720
1;0.080850050;1.3058873;0.97736543
1;0.48014989;0.51543242;1.4366629
1;1.9894658;4.8598890;2.6718588
0;7.4565687;3.5579562;1.3271484
1;3.4906907;0.28358766;2.9927876
0;13.422009;38.780655;37.359928
1;3.5496714;4.4245234;0.77278066
1;0.47369978;5.0114279;1.0435737
0;12.756180;30.881750;0.87427843
0;9.5347900;15.537221;0.77609599
1;0.75709182;1.0351298;1.9663837
1;0.27368051;7.0675058;0.98300374
1;0.95715582;18.648422;1.8154918
0;19.357046;2.7573810;2.2791014
1;0.71481943;4.4852233;1.6530463
0;17.447247;34.711647;1.2736758
0;13.513879;24.550301;1.0183195
1;0.19415885;2.2342453;2.6750727
0;14.923268;33.991611;2.6729743
1;1.5317619;4.1070118;3.6674042
0;17.753824;36.614933;1.0686107
0;7.5506372;55.450886;1.3305436
1;1.7350128;3.0756314;0.86434203
1;0.42380881;10.534516;3.4218190
1;0.99515700;3.7661295;0.94719607
0;7.3068595;23.703466;1.5985361
0;9.2170496;76.256134;1.3347592
0;11.149833;38.805668;2.6240387
0;5.2525392;78.537094;0.54360628
0;10.463040;75.387344;1.3099302
0;12.004056;1.7716458;0.93808693
1;1.8273809;7.0167356;0.78345740
0;20.225044;7.4146299;0.57714432
1;0.19581969;3.7798405;0.85661143
1;1.1562442;1.5093112;1.0969330
1;0.76972574;0.59602964;3.4541426
1;1.2666847;0.53339142;1.8661094
0;0.82753038;83.736687;1.0184355
1;0.50061005;1.1852474;0.74562919
1;0.84317935;10.764357;1.2353004
1;3.0940213;0.67578983;2.9643953
1;3.5393152;6.0676012;0.48834434
1;4.7104874;5.6605654;0.62844932
1;0.71870542;11.475594;1.7655213
0;18.862495;2.0106828;2.3892472
0;12.433262;25.981096;1.1004661
0;10.151094;18.892817;0.73557484
1;1.1042887;3.9339416;1.5440129
0;21.224913;37.958935;1.1357217
1;1.9390100;1.9152383;2.4587789
0;6.4688001;25.176359;1.2731327
0;8.1015005;16.997238;2.2345107
0;7.1946244;63.003601;1.8502058
0;7.8170514;72.948708;1.5234627
0;8.0250683;85.567665;1.2725729
0;7.6406498;84.328201;1.3707817
0;7.3417773;84.929825;1.5828320
0;6.9505925;87.973816;1.4158567
0;2.4373877;50.294674;1.3011551
0;8.8221540;7.6651735;2.9764426
0;7.7879105;6.1003256;2.2324119
1;0.41442674;1.4586564;2.4839318
1;0.72396088;12.138229;0.67622155
0;0.060361236;81.883606;2.4828932
1;0.48468569;0.56313407;1.2049879
1;4.6025066;1.0622357;0.44070321
1;2.6245885;2.4372530;0.78728068
1;2.5763762;0.054492522;0.94288623
0;9.1094484;20.492300;1.3077265
0;8.7509499;9.4165163;1.5703781
0;12.178400;38.950420;2.5119829
0;7.0018582;0.52422237;0.35450915
0;2.9458272;6.1423373;0.99236292
0;8.1896553;48.377235;0.84260070
0;13.021736;8.2748804;1.5835171
0;8.8260098;30.211636;0.87224919
0;13.888714;8.9371223;1.8925872
0;8.5387735;1.5983092;0.61489129
1;2.0899718;9.6350784;0.56786472
1;1.8678077;10.336963;0.65856349
1;2.3070605;4.9321942;0.70229274
1;2.4821737;8.7281561;0.75995314
1;4.0015850;4.9824576;0.87359136
1;3.3044589;8.9793587;0.33918354
0;6.4335017;52.650124;0.85847563
1;4.7471066;5.2175322;0.53169292
0;17.097301;40.837540;1.0627528
0;8.4459114;4.3100133;1.4436015
0;5.5326543;7.8912501;2.4712467
1;6.2044954;7.4970269;0.82797372
1;1.6905819;0.95241785;0.58859247
1;1.6700337;2.0531476;1.3370448
1;1.8282186;2.5803177;2.4341128
1;2.8759446;1.6120287;1.5518408
0;25.259007;49.588135;1.0853679
1;6.5030499;15.490323;5.2391024
0;22.958279;49.676304;1.6497077
0;6.6678963;17.361084;18.214493
0;21.891665;55.082527;3.0973587
0;21.115818;49.050541;2.0171909
0;1.8547449;50.641327;1.2396133
0;4.9803443;83.751183;1.8449279
0;3.4307525;80.989510;2.2889009
1;1.7241286;8.1497965;0.78682667
0;4.3078508;69.577766;0.54070210
1;3.5451827;15.996318;3.1098356
0;23.445244;34.776001;0.83189422
0;18.854893;17.601820;1.4672331
0;4.0457377;48.255917;0.35848752
0;3.1397390;12.241033;0.73371959
0;16.850275;4.5679307;0.78836524
0;13.598243;1.4776093;1.2386832
0;9.5825615;3.4752491;1.2862145
0;7.8634219;17.214018;0.51845640
0;9.2064428;9.4486036;0.40626040
0;8.2622347;0.87458128;0.74649090
0;7.4410300;60.854557;0.52204925
0;7.2460170;68.468475;0.82150632
0;6.1721392;13.422943;1.3552915
0;5.1066723;50.146763;0.74110651
0;5.2185354;16.180063;1.2290412
0;4.9284892;12.478621;1.3299537
0;4.8303041;9.3194017;1.1533409
0;5.2440701;4.5411530;1.7514323
0;5.1364985;12.162392;1.3482560
0;7.1860895;2.2158241;0.83567256
0;4.3067780;13.831201;1.6275719
0;3.5759375;21.363056;1.2129272
0;6.7575030;38.499771;16.961369
1;5.5370479;12.973652;0.34204409
1;5.2976193;18.483961;0.54873669
0;4.6637135;19.513599;0.41513517
1;4.8744798;19.151764;0.61244166
1;4.5411634;18.914749;0.72322464
1;3.4663501;28.538828;0.82698053
0;22.464066;0.17605545;0.52824968
0;15.715075;0.92228991;0.27895960
0;8.2660589;32.430679;3.6116290
0;12.308474;26.519978;2.1485736
1;6.6527925;1.3527417;1.1312369
1;7.1713438;21.019255;0.70374036
1;6.5427279;15.347708;2.1414654
1;5.7928214;15.321655;2.6401789
0;5.9672899;49.298302;0.68208849
0;5.7164669;44.413788;0.99259353
0;6.8034763;58.069057;0.86623222
0;6.5842519;86.710411;0.96375155
0;8.7952709;34.802692;1.0426258
1;7.2476492;12.899597;1.3046501
0;8.1534071;46.059422;1.1084038
1;7.1858659;18.008566;1.0559944
1;6.5940738;4.2326217;2.0770733
0;6.0197964;27.675417;0.61277664
1;8.3915033;33.492878;2.0535152
0;15.378448;28.024389;0.70218295
1;2.1992140;1.1194235;14.186963
1;1.4903694;6.4028339;5.4868283
1;1.5487480;7.0227547;5.1600251
1;1.7586874;5.0905781;4.4770026
0;7.7200065;23.373930;0.70255965
1;5.0157170;7.4796619;3.4568624
0;3.4234242;16.056808;0.39810300
1;3.9874504;0.74025124;25.126205
0;0.96555448;16.252779;0.78308737
1;0.74170345;0.72727150;2.4427607
1;2.4450843;0.70226246;3.4809949
1;1.1517612;1.0337498;2.2912517
0;6.6124244;29.478804;1.5373422
1;2.8295555;1.1596568;1.3317565
0;5.9733596;44.210892;4.4862943
1;8.1679802;0.64023590;1.5910431
1;7.6847105;6.4947495;2.0323043
0;3.6026080;38.753475;0.69142449
1;16.597881;4.9816012;0.69047636
0;3.2735803;37.089451;1.1233760
1;13.966169;6.3278437;1.0818411
1;1.0014882;10.194222;1.0282556
1;17.513000;1.5644487;0.80565351
1;8.3968506;6.3498044;1.4072354
1;21.893749;0.14388756;0.86682153
0;13.297651;26.007706;2.6881168
1;13.047120;0.17192470;0.83103126
1;17.449047;0.95613527;0.89344186
0;6.0432277;30.303240;1.0830458
1;0.94729859;15.002863;1.6435874
1;0.085115522;5.2301674;0.98443747
1;0.79911059;1.3031358;0.93044639
1;0.48098409;12.188942;1.3789793
0;0.38350925;34.420910;1.8824186
0;6.9066973;40.579967;0.69962376
0;6.0099120;24.783665;0.53634775
1;1.6348736;7.5660334;0.72160941
1;1.6388971;10.846493;0.77836168
0;6.0743704;66.485809;2.4846454
0;5.3989687;87.178871;1.6453497
1;1.0538858;5.0884919;1.2668322
1;1.4321550;8.4771748;1.5262586
1;0.98020798;0.60003734;1.5097740
1;1.8496109;1.2176439;1.1010909
0;3.9486609;37.971249;0.87911755
1;1.9786991;10.548054;0.39200002
0;3.3394859;19.618807;0.81138182
1;2.7595165;7.4833245;0.47489849
0;7.0941610;69.729294;0.61388594
1;0.86140257;1.7722915;1.2968410
1;1.4929376;9.7902889;0.46335804
1;0.49223328;2.8185518;2.7159426
1;2.7152524;16.320793;1.6498642
1;0.078739814;3.2309291;0.64968890
1;0.60949683;6.7434554;0.73317635
1;0.44665357;5.2179003;0.84305632
1;0.16021827;4.0822530;0.45196801
1;0.63847739;5.6432352;0.34352905
1;0.58945930;8.3664713;0.34251687
1;0.69128114;11.905504;0.26872900
1;0.94721383;26.891081;0.18790832
1;3.7557595;26.608639;0.30606297
1;8.1562061;28.202410;3.1865587
1;13.629799;0.61781150;0.73581672
1;8.8193846;25.958057;3.0770392
1;2.2339933;14.074866;0.92198771
1;0.87340409;7.7332363;2.7385714
1;4.9003983;12.256221;3.0371182
1;3.2700462;2.3423395;4.1382327
1;2.6305366;7.8213534;3.4678829
0;0.86505061;61.922504;1.3691667
0;3.8522198;41.850548;0.63843656
0;3.5242121;18.063406;1.3223338
0;12.697033;43.630009;11.747207
1;1.6723948;2.7825487;1.0312432
1;2.1152260;11.226173;1.4286243
0;6.9662328;71.266464;1.2819623
1;1.6106372;3.7770040;0.52772647
0;5.9546695;27.451736;1.5421420
1;2.3401105;2.7426975;1.2253679
1;3.2331924;3.5008256;0.47458312
1;1.3649415;3.6892514;1.3721002
1;2.3729682;26.454044;1.7247385
1;1.1025949;18.548443;0.87433177
1;1.1921811;0.80811936;0.60855633
0;5.7782302;43.996635;0.89448071
0;6.1720228;20.558969;0.78645849
1;0.32408196;3.2164924;2.0173402
1;0.41444406;3.9095740;1.1369085
1;1.0346241;3.4048855;0.71147716
1;0.66586119;4.7606554;1.7063982
1;0.28326413;6.6679473;0.80368817
1;0.14098676;4.0781236;2.0601833
1;1.8740655;0.24184313;0.63324648
0;5.9402981;20.507351;1.6390619
0;0.62599415;12.515246;2.0667472
1;0.70595872;1.1603482;3.5465312
1;1.4018735;2.1419263;2.8822675
1;1.1771464;1.0852329;3.9017577
0;12.645561;7.0574312;0.68813628
1;5.8340845;5.0072303;5.7964845
0;7.6225476;2.1098099;0.26216239
1;1.8781291;0.33750343;13.922223
0;0.42796910;22.036423;1.0055540
1;1.6209449;0.053340524;2.8799200
1;4.1704412;0.21243587;1.8901362
1;0.63237727;0.047565416;2.2316597
1;1.1306670;1.6007921;1.2782596
1;2.3149993;0.88960075;1.9859792
1;1.7538247;4.9796224;2.1758590
0;1.0247070;2.5834863;5.1062760
0;6.5617723;9.3055553;2.3943577
1;6.6911745;3.6853039;1.1234844
0;1.6037146;29.811220;1.7700881
1;3.9877441;4.8569131;1.0309988
1;1.3838379;11.056086;1.0662727
0;7.6048193;2.9907563;2.0336723
0;8.1029902;12.327598;0.39505276
1;0.68879241;12.676404;0.83193296
1;0.93869328;16.646093;0.68977928
1;1.6439351;17.283112;1.2554266
1;1.3801539;17.037228;1.0633849
1;0.48286328;3.6146069;1.4122903
1;0.78948456;0.42977238;1.1523101
1;1.1200796;3.7992792;1.2861429
0;4.6855106;44.275482;0.75529557
1;1.1646708;6.5188646;1.0778427
0;3.5766587;25.838322;0.85601431
1;1.7470554;4.6620698;1.3664484
1;0.92093444;2.8312240;0.68340170
1;1.1094898;11.156283;0.40056598
0;10.052589;0.11395020;1.4100761
0;13.942932;0.78083903;0.99873322
0;13.659311;2.3093095;1.1768930
1;0.26065606;1.3803083;1.1855704
1;1.3011272;1.2752576;0.83047020
1;0.71792847;0.91345131;1.4661503
0;8.3224115;39.563637;0.61712861
1;0.55587548;1.4947714;1.6881131
1;0.64635032;1.0339446;1.8947222
1;0.42692012;0.49642256;3.0070021
1;1.2263042;0.64847904;4.7879286
1;0.72121429;3.8184388;0.79291940
1;0.54672283;0.42533031;1.9027683
1;1.1122090;3.9793060;1.8622665
0;8.2995243;23.866163;1.7740837
0;8.5865917;61.880699;1.2671070
1;1.5505010;15.011937;0.70969021
0;6.4817629;69.301414;0.66100490
1;0.44298473;13.664302;1.5470542
1;0.64506793;1.1545507;0.59304798
0;7.5429263;34.649452;1.6327935
1;1.5541441;2.4613724;0.71533996
0;4.8147869;13.011766;0.50145268
1;1.9133124;9.8975048;0.90485531
1;0.45617691;5.6833959;0.41228604
1;2.0777888;0.72640193;0.37898400
1;1.7293078;6.0605054;0.76853871
0;3.0158255;30.689930;0.56471431
0;7.2357817;27.414999;0.56351858
1;3.1942070;1.8445599;1.5885743
1;0.50185525;2.2437196;1.1785487
1;3.8861496;0.079235181;0.85055196
1;1.0025029;0.76732916;0.90863150
1;0.74489051;10.878458;0.63252640
1;0.46455315;0.94255209;1.7265408
0;6.1381898;9.2326822;0.97796685
1;0.10416158;0.37229031;2.7922015
1;2.1516304;1.5577083;4.2849331
0;12.645061;1.8211437;0.85122639
1;0.56205469;0.95175648;5.3957782
0;7.9499860;3.1859024;0.37490577
1;0.66896421;1.4644202;4.8568206
0;0.43425125;26.994997;1.4588640
0;5.8274889;54.164165;1.4842805
1;0.13265575;1.3869823;4.1602001
0;6.0805464;58.840103;1.2301356
1;0.70833582;0.20293665;1.7573259
0;5.5425930;63.605614;1.1298356
1;3.1598661;17.982748;1.8545018
1;1.0196093;0.14814188;0.92367399
1;2.5324659;32.387718;4.5371442
1;3.7730222;1.0962470;2.1192675
1;3.2740400;6.9438820;1.6414582
0;0.66397375;21.761536;0.82689160
0;6.7883763;74.562279;1.1624558
1;8.2951927;4.2179837;1.3425453
0;0.52192032;22.464468;0.96169955
1;5.6200204;5.5704875;0.77162236
1;0.66635758;3.1934364;0.59440154
0;16.671059;37.755360;1.3808248
1;0.34399566;63.288494;0.93503577
1;4.1207442;37.143997;1.0845441
0;5.3551006;79.890808;1.2401601
0;7.7219858;29.764736;0.69725716
0;11.351468;3.5776041;1.4575621
1;0.67117983;10.655108;0.61886412
1;0.28742316;3.7142515;0.87655127
1;0.57871348;4.2887950;0.85227787
0;5.4392633;57.276237;0.69652301
1;0.56154257;5.3926187;0.93765515
0;3.9755392;38.887581;0.82057476
1;1.1224875;4.4855881;0.72805405
0;5.2550631;35.899483;0.43049228
1;0.64855188;4.7798071;0.64360493
1;1.4265956;1.3739827;0.50357550
0;28.682646;1.1052785;0.85220402
0;15.104612;21.340693;0.73980761
0;3.9406290;32.498978;1.5235413
0;6.6393881;25.722572;0.52335584
0;4.8677783;21.445923;0.85203516
0;1.9165788;36.792000;0.90765351
0;7.6892362;8.8116217;0.30445459
0;6.1090975;15.664280;0.71273512
0;6.0590954;17.570824;0.41951948
1;0.30935356;6.4578443;0.41823980
1;0.81852406;8.6085119;0.35285920
1;2.5151358;5.3942256;0.45084739
1;1.4758637;9.9977503;0.49159712
1;3.8955817;6.0433292;0.63360804
1;2.6347227;24.781631;0.48890266
1;0.97050303;2.9462948;0.42713189
1;0.47079796;9.0174036;0.25575063
1;1.8078698;15.087788;0.78711265
1;1.0824627;2.4396250;1.0007633
0;22.238661;30.786585;0.83877593
1;0.22317286;0.63878334;0.87599146
1;0.076538749;0.25278172;1.2705035
1;0.58589822;3.6820955;2.8065639
1;3.7064288;0.67542017;4.4305573
1;0.081746683;5.7356372;0.52977902
1;4.8801761;27.885046;0.63971287
1;3.1589189;0.78701931;1.5798693
1;2.2480044;11.714787;0.81068325
0;11.323311;5.0141635;1.8541931
1;1.1201556;21.859579;1.2622560
1;5.0307856;15.107066;0.66988921
1;7.0177851;1.7986847;0.67353290
1;0.54724276;2.9315109;0.96422845
0;8.0105162;12.793441;1.4920059
1;0.36239150;7.2020926;0.45656636
0;6.0028496;7.1270294;0.98853111
0;2.3291147;42.490891;1.2926862
0;4.5680566;68.257797;1.0918027
0;5.2847505;48.864529;1.0069581
0;4.8901916;36.702564;1.4076301
1;0.071188338;9.6075020;0.98962021
1;0.87233883;3.3847196;1.6741725
0;3.5148456;1.1424751;2.9785268
0;4.3525314;15.713276;0.66673207
1;0.82045943;3.2013862;5.2638965
1;6.5140328;15.729444;0.87706357
1;0.21556053;1.5862652;1.5563862
1;2.7843332;2.8569217;0.73756468
1;0.51775461;1.4809263;1.5403316
1;3.4251413;6.5495596;0.62256670
0;4.6182456;45.116695;4.8407888
1;1.6072342;15.575893;0.74640900
0;9.1304102;4.6281328;1.0046513
1;4.0875211;6.0315051;1.0277826
1;3.0899708;21.991617;0.92192250
0;5.4095554;20.307220;0.74558055
1;1.2727044;2.6594169;4.7213025
1;0.34239507;1.9054683;5.5191307
0;8.4659710;5.9662642;0.18774582
1;0.98230726;2.2576821;4.5129671
0;0.26962966;30.350073;0.86038047
1;0.58415401;1.0964663;4.2950053
0;9.0503960;26.703407;1.5257117
1;0.79089493;0.57253516;1.0902733
0;7.6906905;35.391407;1.4421314
1;5.7560606;1.4443574;3.6251764
1;5.2982187;7.1888223;3.5407126
0;5.6540313;10.490063;3.4072349
1;14.274408;8.8349781;0.66686314
0;5.1763120;21.625734;3.8357382
0;16.195766;39.145077;1.4553342
1;0.39163855;66.707375;1.0812886
0;3.2111669;88.424278;0.69572437
1;4.3038707;52.171165;1.8567755
0;5.7574167;84.308235;1.4179291
0;6.7380676;16.542828;1.6125145
0;6.2535253;80.627823;1.2305394
0;8.9909000;20.052481;0.33943117
1;0.79495305;1.3202556;0.60866779
1;0.44296935;7.5164008;0.44668776
1;0.51267916;0.29097912;1.0141749
0;2.9036295;22.737736;0.48053464
1;0.41528457;8.6367750;1.2624581
1;2.3731446;4.1599941;0.80003953
1;0.96276402;8.3267231;1.0703368
0;18.360952;4.0376582;0.96161270
1;0.73470163;2.6705034;0.51651025
0;21.267826;0.66709131;3.1229646
1;1.1030020;5.3123002;1.5753741
0;20.031588;0.37888697;1.5003021
1;0.63094461;3.1283350;1.4158009
0;23.394569;3.7218735;4.2011776
0;3.9319358;27.597708;1.6231427
1;0.66782886;17.765282;0.76780355
0;21.894373;0.49065724;2.3922155
0;4.2761436;21.601625;0.88731480
1;1.8491086;0.33012715;0.32965478
1;2.5566192;30.998461;0.39144981
0;22.008892;0.43228221;3.3947239
0;22.399300;1.1865565;0.76618689
1;0.25770485;13.929402;0.74640375
1;1.1210790;7.0441680;2.4577620
1;1.2690772;6.5282531;1.3551533
0;6.8513994;51.799763;0.58329606
1;1.0468497;1.3436331;1.7587683
1;2.1166763;4.4930320;3.2110808
1;0.84188235;2.3729906;4.2067537
1;0.25045368;16.636650;0.81442100
1;0.67454118;8.4917889;1.0006402
0;8.3048391;38.315010;0.77828944
0;10.298508;18.154789;0.72967225
0;7.6727901;78.262505;1.2823623
0;4.5949092;48.554607;0.58226097
0;8.1860456;34.988033;1.3648380
1;0.15445207;7.9781070;0.86565375
1;0.59366632;2.2956524;0.90837348
1;0.46049652;2.0932870;0.53922415
1;2.9017487;2.0415747;0.91686451
0;6.1847897;0.30631238;2.3284318
0;9.0785160;26.810884;1.2127854
1;1.0591062;2.9029214;2.3365557
1;1.3771297;20.126867;1.3724420
0;3.5423503;30.256344;0.77068502
1;4.6359143;1.2301354;1.7489263
1;0.66842932;4.8576760;1.8327364
1;6.2508397;7.4516864;0.64279819
0;7.4208536;14.609356;0.78456497
1;0.31961867;1.3000209;4.4741559
0;3.6908975;7.7253809;0.31291226
1;1.3830349;1.1554874;3.3684440
0;3.0238347;17.261499;0.81206280
0;4.0497584;7.7414718;0.64389330
1;0.50451022;9.9553709;0.37279153
0;7.2247195;47.207226;1.2196106
1;4.6546345;18.500332;0.86829412
1;0.62578261;0.43895888;0.79302746
1;4.0607667;33.431713;3.7637300
1;5.2047744;1.4101551;2.6819761
1;4.7705593;7.2666225;1.9461981
0;2.1542430;20.264797;1.1735686
0;7.8788934;81.987541;1.2574580
0;6.3956928;46.711594;0.55416214
1;5.5643024;40.256687;1.1135565
1;0.33354852;6.1312828;1.1643339
0;8.6453838;89.507278;1.6904819
1;1.3359667;2.6645689;0.72781223
1;8.2266979;11.413238;1.1277065
1;5.3652344;9.2755070;0.72406942
1;2.4080524;4.3907080;0.83894193
1;3.3078167;4.2402205;1.2132300
0;11.245373;11.969843;0.95130199
1;3.2276850;5.5063767;1.2336929
1;3.3114233;2.8584583;1.7830429
1;3.7116406;2.2955766;1.6160473
0;7.4621587;73.611366;0.74541754
1;0.25407848;8.0970488;1.1895130
0;5.4873710;55.380123;0.30063364
1;1.1259780;8.9771299;1.0123276
0;7.1089749;55.139286;1.3330953
0;23.211384;0.033323042;0.65140390
1;0.63215560;5.1378880;0.37092948
0;14.325843;10.394115;0.90907478
0;7.7610607;17.439863;0.81471646
0;3.1544268;26.327986;1.5840278
0;3.5581615;19.067532;0.95321876
0;8.3373537;27.223503;1.1736267
1;4.1679854;12.264585;0.67983711
1;1.1293557;3.4632087;1.8998533
1;2.6959038;2.1929123;5.1624932
0;6.3650789;15.659910;1.0576042
1;1.4808079;0.37529477;1.1355280
0;2.9533808;19.079664;1.2319437
1;1.4335376;9.8540230;0.37735328
1;2.0125337;11.915315;2.1371443
1;1.8645420;0.050359387;0.70313323
0;6.4887066;1.6589217;2.4261267
1;1.6412988;14.939578;0.68025625
1;0.46935686;3.4899225;0.66405594
0;2.9880970;5.0698133;0.16253074
1;1.2706122;6.6534848;24.488817
0;5.8707151;12.376974;0.35251468
0;19.819424;23.542566;1.6367091
1;0.64864028;14.883923;3.2725523
0;24.434462;21.770546;1.4973277
1;14.223045;11.482408;1.3394026
1;1.6525666;7.9725847;0.60722494
0;6.3838248;76.724228;1.3012083
1;2.5475430;6.6726789;1.0278466
0;20.166563;37.141167;4.5131969
1;0.68881667;0.37830871;0.94645572
1;0.42767212;8.1052952;1.3879145
0;15.925284;27.998262;0.68617833
0;15.586811;29.212469;0.87340927
0;8.1018248;53.751694;0.30065522
0;7.1666160;87.709641;1.8918055
0;7.3224955;86.905373;0.77654564
1;1.9885243;18.724556;0.70367473
0;21.847567;3.5405931;2.3336251
1;2.4325950;2.2798891;0.94120914
1;0.56786889;1.2991822;0.60905463
0;29.032745;0.021934617;1.2097994
1;1.1584264;1.1807333;1.8790818
0;8.2061367;8.6539211;1.8017602
0;33.162640;1.6096294;1.0686781
1;1.1005505;2.1204627;1.4316682
0;6.8572054;19.666588;0.33704966
0;33.256821;3.9561782;0.77168757
1;1.7301849;2.6509957;1.6288159
1;8.0582037;6.5578971;0.48846444
0;6.0086107;9.9413490;0.66246623
1;1.8651124;3.3050075;1.9512944
0;7.1245246;26.932999;4.0300303
1;7.0147161;2.5368218;0.43798992
0;4.6575313;1.6475220;0.84948540
1;2.4113870;4.7847748;1.8372939
0;5.3974261;68.047241;0.71764261
1;0.88485622;0.60833949;0.47643274
0;2.4841549;5.8869720;0.93607908
1;1.8074831;50.557472;1.0897459
1;3.7700222;27.676184;1.2272471
1;3.5913091;23.753666;1.2917650
0;19.623030;0.31187132;1.9085782
1;1.3147116;22.664141;1.1341435
1;0.099654578;6.1416306;1.3084370
0;23.991964;7.3483243;3.2134442
0;2.5205040;33.249840;1.5912111
1;0.064296804;17.368917;0.44297945
0;2.9161727;25.866217;0.86570507
1;1.1847130;2.5818048;0.45489654
1;1.2291985;31.578732;0.28272882
0;19.673178;0.054199543;3.1626453
1;3.8656509;4.6904774;0.78904331
0;19.875681;2.6865597;3.5674729
0;22.754658;9.6270447;2.4953864
1;0.48501658;9.3660612;0.47569504
1;2.2767842;14.198107;1.5471631
1;0.85053664;0.27577394;3.8925447
1;0.37456319;10.643109;0.89763623
1;1.2147847;1.4569135;0.79930311
0;8.2143278;13.068150;0.65073460
0;8.2338839;24.591431;1.1632717
0;7.6212778;62.184059;1.3879626
1;1.2983441;19.391121;1.7702281
0;0.99909973;16.601883;0.77207708
0;2.1945350;54.636269;5.0569696
0;1.3603147;16.093466;1.3969098
0;0.94933647;21.416983;0.70954925
0;23.819229;36.600780;4.2643085
1;1.4563137;2.6341112;0.87336743
0;5.6450872;36.054058;2.5546360
1;1.7526878;2.0720580;1.7151906
0;6.7964411;7.9420648;1.4570661
1;0.59286225;5.8754320;2.0663228
1;4.5754499;3.5821037;1.0190598
0;24.141081;25.801620;0.93778509
1;2.1426122;4.5868559;1.1490786
0;6.6551142;64.432251;0.87447166
0;13.524783;18.724171;0.65449470
1;6.6050763;9.5604925;1.7241780
0;10.897586;14.423125;1.1658620
0;7.3042054;59.359634;2.3972113
0;5.2593994;0.39104623;0.90350419
1;12.151532;14.095368;1.6942453
0;13.370315;28.188009;1.0477877
1;1.5788281;5.4156289;1.2853137
0;14.010709;39.303604;1.2725458
1;2.8105433;5.2381225;0.74259061
0;14.630935;31.885530;0.60062879
1;1.5182194;2.1177521;0.88408417
1;1.5624635;0.97279453;1.2098993
1;7.4614534;3.9530034;0.54353434
1;2.3335166;0.85015941;0.97818917
0;5.4291625;86.122047;0.62089348
1;2.8549120;3.7839844;0.98600733
0;5.0734038;74.919762;0.68330145
0;5.6823645;84.946449;0.56525147
1;3.8548770;4.7966681;0.75407863
0;6.0432048;84.216232;0.48665676
1;4.6822691;15.110956;0.87579852
1;4.5217962;2.8701286;0.70151687
0;15.607560;24.097284;0.94639039
1;5.5385237;1.2635591;0.79182011
0;3.8040764;64.519547;0.99788153
0;8.3990498;34.736526;0.67251730
0;27.139271;1.3676142;1.0048788
1;1.4209282;2.1839969;1.3813689
0;8.9345322;45.229076;1.0596573
0;9.4914179;21.949142;0.85074055
0;18.192942;11.927240;1.1603159
0;22.878260;8.8195982;1.3198005
1;7.1364546;14.701357;0.42289117
0;7.9135246;40.762081;1.7633477
0;8.3501854;34.788551;0.56221801
1;1.4086740;1.4175748;0.43364784
0;7.5164790;10.835588;0.52639407
0;10.785906;10.216344;1.0423093
0;10.062284;1.0781118;0.75177616
0;10.921432;16.616194;0.94731230
0;13.011822;27.754063;2.2879131
0;6.9259152;11.752815;0.66713190
1;1.1127182;10.119223;0.75271267
0;11.115345;26.053877;0.56236094
0;6.3175945;27.379766;0.67641646
0;8.4624882;8.5828915;0.28911856
0;7.0016880;2.1297393;0.33426350
1;0.74888724;28.031200;3.1214943
1;2.9379752;1.9118190;0.54009378
1;3.1840043;5.8536315;0.70854706
0;8.5402794;15.471853;2.7164829
0;3.1110463;35.823654;6.5006695
1;2.5599010;1.6912402;1.4519118
1;4.9798822;4.2314439;0.97233117
1;2.5703297;4.7672539;1.0278959
1;2.2474837;0.17531937;1.1016139
0;5.8591223;81.832535;0.87663877
1;0.55873263;0.79093438;0.65719944
0;6.2104764;61.029369;0.56721795
0;5.7109313;86.122002;1.2394109
1;0.80720454;20.587917;0.76298732
0;3.7711558;80.751869;1.1634208
1;1.6296625;1.7546412;0.53403473
1;4.8138170;17.173767;1.0385567
1;5.5323606;13.144692;1.0083730
1;5.4632897;11.930187;0.81915933
1;0.45036700;0.26333943;0.63399613
1;0.74900240;0.028572250;1.7092965
0;9.8225260;1.6003054;0.53976637
1;1.5320531;0.78007466;2.3107431
0;8.6673956;7.4420371;0.71386886
1;1.8897623;2.2326066;2.6328309
1;1.1782829;1.1011007;0.21388230
1;0.81433666;6.3214521;0.39770505
1;0.72892147;11.429812;0.30843055
0;6.5797968;20.640562;1.0762706
0;8.3354330;2.0800364;0.91142190
1;4.4588242;7.1008191;0.56057352
0;7.0619106;82.494408;1.6483836
1;0.36395371;3.9636030;0.48518756
0;8.0086718;79.261421;1.8424479
1;1.1867732;1.2197126;0.88190764
0;7.4697280;80.899368;1.0600055
1;2.2031260;7.4826117;0.61441475
0;9.0351343;79.721733;1.0446225
0;6.2493181;72.867287;0.53004140
0;6.1184292;81.285652;0.58953238
1;1.1333357;0.19490004;0.81753260
0;5.9335642;85.846565;0.68306154
1;2.0126925;8.6301489;0.75232112
1;1.9923573;2.9234860;0.95830768
1;2.8988209;1.7884538;0.78143704
1;0.81512529;6.9060111;0.79721731
0;8.0675592;31.011215;1.3472556
0;1.6355433;39.176964;1.3726579
0;7.4691238;32.507790;1.4009606
0;1.5237705;44.941010;1.5494921
0;23.470573;21.878162;1.2721751
1;1.1589012;14.257495;0.25162932
1;5.8176723;18.686420;0.51592529
1;0.31621420;4.1158557;0.91561180
1;0.78390235;11.521049;1.5112938
1;0.76745504;0.28503203;1.0295248
1;0.41768199;8.1551371;1.2613660
1;1.5961441;5.8845611;1.5532386
1;1.0343575;2.1309226;0.36344612
1;2.1477399;13.390175;2.0390475
0;11.920339;46.503880;1.6502959
0;10.499145;67.681435;4.3762283
1;4.2839799;10.363836;0.76834321
1;1.3553430;25.173382;0.50624031
1;0.27735159;4.7059717;0.53304172
0;8.1414423;4.5060053;0.54723608
1;2.4493101;5.1163607;0.81581557
0;7.4104638;0.96481508;1.4826669
0;4.6732945;2.0670161;1.9975033
0;18.616081;51.799095;1.3201475
0;6.7653847;60.583290;0.59672147
1;6.6864691;0.77162117;1.4426032
1;8.0237331;0.30300540;3.7101026
0;8.1936274;36.558533;3.7683027
0;7.0366940;47.281441;1.8444568
1;4.6009049;6.3850255;0.87424988
0;7.7580395;14.965661;1.0121464
1;2.8060012;1.2148706;1.4491553
1;10.777884;4.3702941;1.1572553
0;5.9629164;60.985027;0.68914765
1;3.9728041;3.8078494;0.47924393
1;3.8762267;9.7905912;2.8296871
0;13.210986;2.6452901;2.4901392
1;4.7234535;8.5879230;1.3615485
1;16.465858;9.8340034;2.2233274
1;7.1260028;22.663357;2.7342939
1;9.2866058;1.0090251;1.3071719
1;12.622642;2.1358054;2.1638274
1;0.55439109;2.9143295;1.0755281
0;15.079910;0.64222413;0.77625304
1;0.78675616;1.1359279;1.9813150
0;12.902865;0.71061367;0.60255438
1;1.6237479;0.58280957;1.9256741
1;0.85673642;6.7284422;0.52761751
0;7.3504086;71.537926;0.47703519
1;2.6251245;21.160017;0.72284156
0;8.3805838;76.251656;0.40614212
1;1.7720304;5.0656571;0.42348397
1;1.3810997;6.8698401;0.47505131
0;4.5685053;30.691118;1.5486263
0;7.6560454;5.9328766;0.71287417
1;6.5940394;8.7307806;0.66486973
0;7.7423301;7.1060615;1.5744671
0;7.9366102;46.727959;0.46933180
0;0.82055819;32.987968;0.81198072
0;8.0233831;25.371490;0.70145726
0;0.84108812;39.655392;0.91068512
0;24.085976;14.216074;0.54063815
0;7.9396081;78.185883;1.8916938
1;2.2078445;2.0790629;2.0297360
0;8.6481438;81.123650;0.66770893
1;1.2571843;0.59021115;0.65969586
1;1.6767514;3.5561032;1.8200477
0;15.613037;16.414442;1.5765113
0;7.9081135;22.547180;0.66253668
0;9.3524971;15.602229;0.92375332
0;10.526672;11.058524;0.96923059
0;11.268574;25.677389;0.98598105
1;3.7182426;3.9154534;0.33898291
1;0.48660815;3.9820867;0.93242383
1;0.23829964;1.2680869;0.86387265
1;0.61909771;2.0178456;0.88008893
1;2.7464900;16.914907;0.80125332
0;8.3803902;73.388504;1.0730661
0;7.0485001;63.560787;2.6779380
1;1.5186685;1.1005647;2.1937227
1;0.96140796;4.7170115;0.60476953
0;9.9019375;13.134793;1.3964746
1;1.3573104;10.453194;2.4328299
0;8.1829538;8.5124664;1.0074250
1;2.1772327;0.65037602;0.59402639
0;5.8106241;21.588615;2.3589528
0;9.6377125;0.93233764;1.3087100
1;3.9572592;29.516418;2.4064286
0;7.5422816;40.321655;0.38710818
1;0.69854498;0.30691847;0.65887320
1;1.5890169;1.4146450;0.55797368
1;1.0298704;3.3751981;0.81810313
0;8.1684618;24.850924;0.86439002
0;1.5807048;47.509102;0.92602271
0;22.510500;6.6719217;2.5414531
1;5.0867729;1.3515855;0.63114423
1;9.1819544;5.3437233;0.37446183
1;2.4828808;0.50993246;1.6216019
1;3.4497278;1.2998092;2.3668854
1;4.8684130;9.1288061;2.4773822
0;22.455294;26.170921;5.9828801
0;3.1438110;24.433601;0.73336220
0;6.7286859;40.757809;0.64894557
1;7.0043302;6.4968066;1.0099101
1;1.9574120;3.5595903;0.45457345
1;0.77087647;1.9935220;0.38998625
1;2.0747283;0.083396465;0.26679480
1;2.6385062;4.8844633;0.63703007
1;3.9827862;6.0774069;0.41441372
1;3.1977577;0.82728100;0.62188005
0;9.1298227;7.2640781;4.2252817
0;8.3510399;51.568989;1.2933534
0;9.2651167;1.4310635;1.1488419
1;0.79822737;0.93927956;0.89986390
0;8.1171732;11.827928;0.62589079
1;1.2092667;0.98049933;1.5068185
1;2.8677104;10.059260;0.72742701
0;14.047845;5.0605211;1.9283824
0;5.4841261;30.444387;1.2676244
1;1.6420101;5.2368102;1.6300522
0;1.7842628;9.2245035;2.0835719
0;1.7709246;10.901750;2.2218671
0;1.9544307;10.600389;2.1925941
0;1.8915076;27.256329;2.1468396
0;5.5805793;19.314297;0.74742073
0;8.5790558;0.69615495;1.3301722
1;0.29502362;4.5401721;0.55354041
0;8.5474567;4.0253038;0.99369419
0;7.0806680;80.335052;0.68192142
1;1.0728561;9.4646282;0.54245162
0;8.1323900;82.114677;0.41442373
0;8.1954288;80.907455;0.88845909
1;0.47237039;3.2764904;0.25249612
0;6.8836918;36.741512;1.4516593
0;8.8407927;10.504451;0.74040192
1;4.9297976;3.7022672;0.39372873
0;6.5715375;12.178304;0.49257407
0;5.0799651;2.4689333;0.65695721
0;5.2509465;7.5901437;1.2784953
0;6.8338513;87.085922;1.0021753
1;2.1757996;10.304746;0.47003740
1;1.0532877;1.9183577;0.85094672
1;1.7837007;0.14501809;0.91642278
1;1.9733325;6.2506886;1.8012815
1;3.5492003;6.3576102;2.1880107
0;6.5575967;30.938816;2.8038568
0;6.8512592;20.191507;6.3229227
0;16.115982;19.844574;0.75636023
1;6.9861336;27.534466;4.6911469
0;8.5444145;29.905186;2.6930242
0;2.5556405;21.875776;2.5351765
1;0.44751036;4.3649735;0.65315163
1;0.22736031;2.4073184;0.82628751
1;2.3183186;20.717981;1.3671533
1;1.6116452;3.2382488;0.38633782
1;1.8453182;7.6986771;0.68632478
1;4.0894680;8.9133883;0.47300395
1;1.5073124;2.3826976;0.10328390
1;3.1821234;0.87890494;0.79507816
0;6.7969818;66.048645;0.54021919
0;8.6124039;63.176998;0.69156867
1;1.1970992;2.0985372;1.1207880
0;8.4056225;13.839940;2.5190213
1;0.50458270;0.016547408;1.3008533
1;0.49288309;3.0844171;1.0775871
0;7.9779553;22.808954;2.3088052
0;8.2213135;6.8831501;2.0158346
0;6.0877924;5.8306956;2.7548451
1;0.89886844;1.5538017;1.1387806
1;0.38748324;0.46679142;0.99495578
1;0.19657290;2.2268765;1.4447944
1;1.6531068;1.7290213;1.5907710
1;0.79644603;8.2084875;1.2276033
1;2.3590510;9.7633610;2.6065691
1;2.0030472;9.4971371;1.0324217
1;2.6927421;13.878191;1.6351535
0;0.32751545;32.762691;1.7089114
0;2.2843671;51.323315;1.0651311
1;1.2683140;6.3764758;0.40870839
1;8.1381350;12.882746;1.5750515
0;9.5783129;3.4962564;1.1944319
1;1.2839506;0.061198004;2.8023334
1;4.1297512;3.3441675;1.3011122
1;6.0905294;14.400066;5.7464900
1;3.6047192;21.528631;1.7204888
1;15.838681;0.19728112;0.73238617
1;2.5710042;15.103979;0.84109747
1;16.009375;1.1009843;0.93030918
0;4.8324461;26.300232;0.70138049
0;4.9720826;44.473629;0.62264466
0;6.4541402;36.336994;0.33046710
0;11.516172;1.3344791;0.58121103
0;1.5366981;81.417244;0.78112197
0;7.4574466;12.087621;0.50258917
1;0.69287449;0.78676713;1.4175243
1;2.8622663;4.1203818;0.71077907
0;7.3742299;5.0432215;0.76027721
0;7.8691087;82.503899;0.52370560
0;8.2717152;88.586632;0.47244257
0;5.8662958;36.106842;1.1977062
1;6.4523950;5.8362465;0.93394977
0;5.0658607;14.762823;0.27571210
0;4.5399413;8.9664698;0.91435081
0;6.2257586;19.368572;1.9631598
1;1.8056087;7.0871658;1.1144246
1;2.7401307;9.0338097;1.4533373
1;3.3036883;11.247390;1.6512115
1;3.5439119;10.828268;1.3934913
1;3.6208427;7.1264749;2.0876431
1;4.0801744;5.3004541;2.1715481
1;4.7496347;2.0323522;2.0774097
0;8.7435179;5.6744947;2.7921197
1;0.58270293;2.2889249;0.62122130
1;0.39747280;2.9497221;0.59387308
1;1.9400907;10.783158;0.77511507
1;0.24399030;5.6115932;0.66282058
1;1.6183765;6.1151996;0.54765433
1;0.32773343;3.5698056;0.14096381
0;14.746099;66.665520;0.53162700
1;0.65148962;2.9435718;0.81708115
0;6.8158464;43.212379;1.2441790
0;9.4010715;58.218735;0.79621446
1;0.39858624;11.448287;3.4745851
0;4.9978852;10.962048;0.92636585
1;0.96813887;9.4699516;0.86847728
0;0.83977693;14.703011;0.43246999
0;2.2741895;2.8137033;1.6614504
0;11.102053;28.484625;1.8500875
1;2.2952011;2.4772644;2.4949629
1;5.7989502;5.2914238;0.34105483
0;10.827945;76.569145;0.79706633
1;6.9730506;6.1493015;0.40957755
0;9.5067396;17.341213;0.90447491
1;0.19733571;1.0115085;0.84848261
1;0.74300563;5.4531245;0.40693352
0;10.714300;17.442059;2.7185309
1;2.0654807;11.388257;1.6527076
0;7.1863446;31.212627;0.51441592
1;0.35194173;6.0085025;2.3205538
0;7.9257698;41.930004;1.7766416
0;4.5139279;23.312243;1.5594813
1;4.7259946;6.5322638;1.5612118
1;0.76946771;1.7016205;1.6791443
1;0.30022773;1.6132158;1.2148927
1;0.69258976;5.8370919;1.1690038
1;0.65260547;4.9861655;0.98824328
1;0.57613617;8.4940891;1.7746643
1;1.8414222;13.738728;1.2851808
0;2.8391414;37.203342;1.8986971
0;8.5974712;64.628479;0.54215610
1;4.9586225;5.6440821;1.2674856
0;13.081871;14.743173;0.87705421
1;2.6434662;2.7566926;0.63471687
0;13.284843;3.9936123;5.0692325
1;6.2727447;1.8395231;5.1026216
1;2.4333165;28.342798;1.7301000
0;14.729613;20.489952;0.67884749
